negative,target,unrelated,positive,Length_negative,Length_target,Length_unrelated,Length_positive,Freq_HAL_negative,Freq_HAL_target,Freq_HAL_unrelated,Freq_HAL_positive,Log_Freq_HAL_negative,Log_Freq_HAL_target,Log_Freq_HAL_unrelated,Log_Freq_HAL_positive,SUBTLWF_negative,SUBTLWF_target,SUBTLWF_unrelated,SUBTLWF_positive,LgSUBTLWF_negative,LgSUBTLWF_target,LgSUBTLWF_unrelated,LgSUBTLWF_positive,SUBTLCD_negative,SUBTLCD_target,SUBTLCD_unrelated,SUBTLCD_positive,LgSUBTLCD_negative,LgSUBTLCD_target,LgSUBTLCD_unrelated,LgSUBTLCD_positive,Ortho_N_negative,Ortho_N_target,Ortho_N_unrelated,Ortho_N_positive,Phono_N_negative,Phono_N_target,Phono_N_unrelated,Phono_N_positive,OLD_negative,OLD_target,OLD_unrelated,OLD_positive,Concreteness_Rating_negative,Concreteness_Rating_target,Concreteness_Rating_unrelated,Concreteness_Rating_positive,Semantic_Neighborhood_Density_negative,Semantic_Neighborhood_Density_target,Semantic_Neighborhood_Density_unrelated,Semantic_Neighborhood_Density_positive,Semantic_Neighbors_negative,Semantic_Neighbors_target,Semantic_Neighbors_unrelated,Semantic_Neighbors_positive,Semantic_Diversity_negative,Semantic_Diversity_target,Semantic_Diversity_unrelated,Semantic_Diversity_positive,Valence_negative,Valence_target,Valence_unrelated,Valence_positive,Arousal_negative,Arousal_target,Arousal_unrelated,Arousal_positive,Dominance_negative,Dominance_target,Dominance_unrelated,Dominance_positive,I_Mean_RT_negative,I_Mean_RT_target,I_Mean_RT_unrelated,I_Mean_RT_positive,Include_negative,Include_target,Include_unrelated,Include_positive,LgSUBTLCD_diff,LgSUBTLWF_diff,Length,Freq_HAL,Log_Freq_HAL,SUBTLWF,LgSUBTLWF,SUBTLCD,LgSUBTLCD,Ortho_N,Phono_N,OLD,Concreteness_Rating,Semantic_Neighborhood_Density,Semantic_Neighbors,Semantic_Diversity,Valence,Arousal,Dominance,POS,I_Mean_RT,POS
immature,offshore,skittish,mythical,8,8,8,8,2842,2039,134,1484,7.952,7.62,4.898,7.302,3.27,2.25,0.63,0.88,2.225,2.064,1.518,1.663,1.78,1.13,0.3,0.45,2.176,1.982,1.415,1.591,0,0,0,0,0,0,2,0,2.85,3.45,3.3,3.05,2.35,3.65,2.11,2,0.501,0.586,0.204,0.559,0,2034,0,34,1.483,1.299,#,1.664,3.17,4.95,4.27,6.11,4.21,3.5,4.95,5.1,4.19,4.13,4.21,4.91,714.355,668.645,816,712.147,TRUE,FALSE,FALSE,TRUE,0.176,0.145,,,,,,,,,,,,,,,,,,,,ADJ
needy,plain,trite,valid,5,5,5,5,979,,3801,25178,6.887,,8.243,10.134,3.04,,1.8,3.22,2.193,,1.968,2.217,1.43,,1,1.82,2.083,1.724,1.929,2.188,4,5,10,1,13,19,13,3,1.8,1.8,1.6,2,2.28,3.12,2.81,2.27,0.473,0.267,0.577,0.607,0,0,1194,3404,1.681,1.24,2.01,1.914,2.9,4.14,4.7,6.05,4.68,3.81,3.68,4,4.27,4.23,5.4,6.64,668.364,733.034,729.607,632.879,TRUE,FALSE,FALSE,TRUE,0.259,0.249,5,555,6.319,0.78,1.613,0.42,1.556,5,14,1.75,2.09,0.248,0,1.656,4.27,4.39,5.11,adjective,745.84,ADJ
grouchy,secular,spatial,slender,7,7,7,7,219,3833,2548,1810,5.389,8.251,7.843,7.501,0.86,0.49,0.57,0.75,1.653,1.415,1.477,1.591,0.45,0.24,0.23,0.43,1.591,1.322,1.301,1.568,0,0,0,3,1,2,1,3,2.8,2.7,2.85,1.8,2.52,2.43,1.96,3.56,0.241,0.608,0.589,0.56,0,3671,1661,13,#,1.328,1.238,1.535,3.33,4.81,4.73,6.05,4.91,3.52,3.38,4.17,5.39,5.09,5.88,5.32,645.562,762.778,764.148,612.429,TRUE,FALSE,FALSE,TRUE,0.267,0.114,,,,,,,,,,,,,,,,,,,,ADJ
unwelcome,tolerable,strenuous,masculine,9,9,9,9,662,971,421,1469,6.495,6.878,6.043,7.292,0.73,0.45,0.59,2.45,1.58,1.38,1.491,2.1,0.43,0.25,0.35,1.14,1.568,1.342,1.477,1.987,0,1,0,0,0,0,0,0,3.8,3.05,3.65,3.55,2,2.04,2.55,2.21,0.367,0.307,0.415,0.567,0,0,0,2,1.982,1.947,1.769,1.241,3.5,4.9,4.14,5.79,4.39,4.4,5.14,5.19,3.24,5.73,4.65,5.48,812.581,705.545,736.923,730.606,TRUE,FALSE,FALSE,TRUE,0.51,0.609,,,,,,,,,,,,,,,,,,,,ADJ
shameful,colossal,habitual,mystical,8,8,8,8,873,704,569,2379,6.772,6.557,6.344,7.774,1.92,1.41,0.51,2.82,1.996,1.863,1.431,2.161,1.06,0.79,0.31,1.26,1.954,1.826,1.431,2.029,0,0,0,0,0,1,0,1,3.1,3.4,3.15,2.8,1.71,2.69,2,2.07,0.359,0.457,0.401,0.57,0,0,0,824,1.796,1.798,1.858,1.361,3,4.33,4.2,6.57,4.81,4.96,3.33,5.04,4.35,5.14,5.32,5.79,760.121,726.759,746.5,712.412,TRUE,FALSE,FALSE,TRUE,0.598,0.73,,,,,,,,,,,,,,,,,,,,ADJ
scarce,latent,trendy,supple,6,6,6,6,1890,902,943,416,7.544,6.805,6.849,6.031,1.71,0.76,0.86,0.61,1.944,1.602,1.653,1.505,0.98,0.44,0.51,0.36,1.919,1.58,1.643,1.491,0,3,1,1,4,0,1,7,1.95,1.85,1.95,1.95,2.57,1.81,2.33,2.75,0.561,0.517,0.403,0.298,342,0,0,0,1.893,1.576,1.592,1.438,3.37,4.48,4.95,5.76,3.9,3.04,4.23,4.09,4.04,4.11,5.83,5.7,669.312,671.133,611.821,730.037,TRUE,FALSE,FALSE,TRUE,-0.152,-0.148,,,,,,,,,,,,,,,,,,,,ADJ
unsavory,forensic,peculiar,merciful,8,8,8,8,251,864,2956,901,5.525,6.762,7.992,6.804,0.76,3.92,7.55,3.49,1.602,2.303,2.587,2.253,0.42,1.75,3.54,1.65,1.556,2.17,2.474,2.143,0,0,0,0,0,0,0,0,3.8,3.65,3.3,3.75,1.75,2.62,1.95,1.63,0.278,0.563,0.574,0.373,0,547,1144,0,#,1.292,1.96,1.425,3.05,4.42,4.68,7,4.35,5.06,4.05,4.22,3.48,4.75,5.67,6.75,845.37,774.543,747.138,770.452,TRUE,FALSE,FALSE,TRUE,-0.331,-0.334,,,,,,,,,,,,,,,,,,,,ADJ
faceless,apparent,volcanic,feasible,8,8,8,8,733,10467,6637,3262,6.597,9.256,8.8,8.09,0.73,4.22,1.12,0.61,1.58,2.334,1.763,1.505,0.38,2.38,0.48,0.33,1.518,2.303,1.613,1.462,0,0,0,1,2,0,0,0,2.55,2.8,3.45,2.95,3,1.73,3.93,1.57,0.363,0.656,0.572,0.561,0,7240,547,219,1.683,2.18,0.974,1.905,2.58,4.96,4.67,5.84,4.1,3.19,5.6,4.2,3.91,6.4,3.16,6.79,630.529,620.188,770.323,768.5,TRUE,FALSE,FALSE,TRUE,-0.151,-0.258,,,,,,,,,,,,,,,,,,,,ADJ
punitive,infernal,devilish,cautious,8,8,8,8,736,3102,250,1959,6.601,8.04,5.521,7.58,0.86,1.18,0.51,3.35,1.653,1.785,1.431,2.236,0.42,0.63,0.25,1.88,1.556,1.732,1.342,2.201,0,1,0,2,1,3,1,3,2.9,2.7,3.1,2.45,2.27,1.96,1.82,1.81,0.47,0.354,0.278,0.498,0,0,0,0,1.626,#,1.601,2.082,2.95,4.14,4.22,6.05,4.62,6.3,6.38,3.57,4.08,4.61,5.43,6,847.724,886.579,693.097,631.941,TRUE,FALSE,FALSE,TRUE,0.859,0.805,,,,,,,,,,,,,,,,,,,,ADJ
unwell,slinky,leaded,frosty,6,6,6,6,73,253,460,349,4.29,5.533,6.131,5.855,0.47,0.96,0.45,2.37,1.398,1.699,1.38,2.086,0.21,0.32,0.19,0.76,1.279,1.447,1.23,1.813,0,2,11,1,1,2,17,3,2.6,1.9,1.45,2.05,2.56,3.71,2.64,3.9,0.321,0.265,0.311,0.355,0,0,0,0,1.59,#,1.258,1.661,3.25,4.63,4.52,6.15,4,3.95,3.52,4.61,3.82,5.21,4.23,5,861,665.379,628.697,632.829,TRUE,FALSE,FALSE,TRUE,0.583,0.706,,,,,,,,,,,,,,,,,,,,ADJ
blatant,fragile,striped,surreal,7,7,7,7,3260,2339,1022,701,8.089,7.757,6.93,6.553,1.14,5.14,1.71,1.12,1.771,2.42,1.944,1.763,0.62,2.79,0.81,0.62,1.724,2.371,1.839,1.724,0,0,1,0,0,0,6,2,2.9,2.8,1.85,2.95,2.08,2.86,4.04,1.3,0.411,0.559,0.527,0.541,0,291,0,0,1.906,1.999,1.443,1.376,3.68,4.67,4.81,6.65,4.62,3.05,4.38,5.11,5.45,4,4.86,5.12,732.792,642.429,691.091,748.607,TRUE,FALSE,FALSE,TRUE,-0.115,-0.181,,,,,,,,,,,,,,,,,,,,ADJ
deficient,momentary,unnoticed,resilient,9,9,9,9,887,707,962,251,6.788,6.561,6.869,5.525,0.55,1.1,1.22,0.55,1.462,1.756,1.799,1.462,0.32,0.64,0.68,0.32,1.447,1.74,1.763,1.447,0,0,0,0,0,0,0,1,2.85,3.25,3.55,2.85,1.89,1.93,2.25,2.21,0.472,0.367,0.472,0.401,0,0,0,0,1.833,1.654,2.005,2.025,3.63,4.95,4.32,5.71,3.56,3.73,3.28,4.65,3.88,4.8,4.25,5.52,745.742,804.441,784.6,796.929,TRUE,FALSE,FALSE,TRUE,-0.316,-0.337,,,,,,,,,,,,,,,,,,,,ADJ
dizzy,focal,cubic,teeny,5,5,5,5,1907,1825,1771,519,7.553,7.509,7.479,6.252,8.43,0.57,0.86,2.51,2.635,1.477,1.653,2.111,4.26,0.29,0.49,1.29,2.554,1.398,1.623,2.037,2,3,3,2,13,5,3,15,2,1.85,1.95,1.8,2.59,2.09,2.97,3.17,0.516,0.567,0.56,0.295,0,818,39,0,1.575,1.864,1.429,#,3.14,4.85,4.7,5.62,4.67,3.94,3,3.74,3.55,6.41,5.6,5,647.03,744.917,688.394,827.947,TRUE,FALSE,FALSE,TRUE,0.414,0.458,,,,,,,,,,,,,,,,,,,,ADJ
inferior,remedial,mediocre,reliable,8,8,8,8,5490,702,2673,16975,8.611,6.554,7.891,9.739,3.06,0.39,1.39,5.9,2.196,1.322,1.857,2.48,1.43,0.24,0.75,3.24,2.083,1.322,1.806,2.436,1,0,0,1,1,0,0,0,2.75,2.9,3.4,2.6,1.7,2.31,1.62,1.86,0.581,0.422,0.506,0.618,1819,0,0,4282,1.923,1.644,1.803,2.06,3.43,4.05,4.43,7.3,4.55,3.4,3,3.76,3.35,4.5,4.16,6.72,716,752.483,853.346,754.909,TRUE,FALSE,FALSE,TRUE,0.63,0.623,,,,,,,,,,,,,,,,,,,,ADJ
queasy,sleepy,spotty,edible,6,6,6,6,201,1205,422,982,5.303,7.094,6.045,6.89,1.14,8.57,0.63,1.37,1.771,2.642,1.518,1.851,0.57,4.18,0.36,0.76,1.69,2.546,1.491,1.813,0,2,3,0,1,6,4,3,2.65,1.9,1.8,2.6,3,2.77,2.96,3.55,0.174,0.462,0.265,0.564,0,0,0,5,1.49,1.609,1.489,1.415,2.74,4.36,4.29,6.68,4.82,3.04,4,5.15,4.23,4.56,4.09,6.45,741.258,577.176,650.742,770.107,TRUE,FALSE,FALSE,TRUE,0.322,0.333,,,,,,,,,,,,,,,,,,,,ADJ
abrupt,wobbly,fallow,candid,6,6,6,6,719,275,131,647,6.578,5.617,4.875,6.472,1.14,0.73,0.8,2,1.771,1.58,1.623,2.013,0.67,0.39,0.12,1,1.756,1.532,1.041,1.929,0,1,8,0,0,3,11,4,2.7,2.25,1.6,2.25,2.27,3.15,,1.81,0.505,0.252,0.372,0.415,0,0,0,0,1.833,1.72,1.101,1.787,3.28,4.71,4.43,5.58,5.23,4.77,3.48,4,3.75,4.38,5.21,5.42,690.971,823.542,758.588,744.531,TRUE,FALSE,FALSE,TRUE,0.888,0.39,,,,,,,,,,,,,,,,,,,,ADJ
costly,blurry,remiss,herbal,6,6,6,6,2948,592,163,2089,7.989,6.384,5.094,7.644,1.55,1.37,0.69,1.61,1.903,1.851,1.556,1.919,0.87,0.74,0.42,0.79,1.869,1.799,1.556,1.826,2,2,1,1,1,4,1,3,1.95,2.1,2.2,2.4,2.07,3.7,,3.57,0.577,0.298,0.178,0.512,1499,0,0,0,1.995,#,#,0.54,3,4.1,4.29,6.14,4.08,2.83,3,3.87,4.68,3.57,5.4,5.25,631.656,691.323,812.864,688.438,TRUE,FALSE,FALSE,TRUE,0.27,0.363,,,,,,,,,,,,,,,,,,,,ADJ
putrid,spooky,shrewd,starry,6,6,6,6,2039,928,290,251,7.62,6.833,5.67,5.525,0.63,4.73,1.41,0.73,1.518,2.384,1.863,1.58,0.31,2.27,0.74,0.29,1.431,2.281,1.799,1.398,0,1,1,1,0,3,8,11,2.8,1.95,1.95,1.95,3.46,2.25,1.92,4.08,0.218,0.418,0.388,0.329,0,0,0,0,1.378,1.394,1.832,1.702,2.8,4.4,4.4,7.4,4.32,6,4.18,3.96,3.35,4.48,6.29,5.59,782.65,610.424,740.562,776.16,TRUE,FALSE,FALSE,TRUE,-0.401,-0.283,,,,,,,,,,,,,,,,,,,,ADJ
sordid,chubby,touchy,lawful,6,6,6,6,378,512,810,1805,5.935,6.238,6.697,7.498,2.49,4.18,3.14,2.18,2.107,2.33,2.207,2.049,1.34,1.35,1.6,0.92,2.053,2.057,2.13,1.892,0,0,1,0,6,4,8,1,2.5,2.35,2.25,2.75,,3.76,2.44,2.46,0.309,0.385,0.211,0.535,0,0,0,0,1.625,1.66,1.787,1.324,3.38,4.33,4.29,6.26,3.87,4.88,3.88,3.7,4,5.11,3.63,5.71,828.6,701.406,723.242,590.867,TRUE,FALSE,FALSE,TRUE,-0.238,-0.158,,,,,,,,,,,,,,,,,,,,ADJ
disloyal,tireless,infamous,maternal,8,8,8,8,223,292,3963,984,5.407,5.677,8.285,6.892,0.51,0.67,2.24,1.47,1.431,1.544,2.061,1.881,0.27,0.38,1.25,0.77,1.38,1.518,2.025,1.819,0,2,0,2,0,3,0,1,2.9,2.45,3.7,2.5,,2.38,1.76,2.42,0.345,0.392,0.608,0.573,0,0,4045,1125,0.925,1.87,1.862,1.187,2.95,4.95,4.86,6.7,4.58,4.41,4.32,4.38,4.14,6.09,5.04,6.32,1120.87,735.303,729.419,747.424,TRUE,FALSE,FALSE,TRUE,-0.206,-0.18,8,113,4.727,0.96,1.699,0.38,1.518,0,0,3.35,1.64,0.324,0,1.646,2.27,5.14,3.28,adjective,732.467,ADJ
narcotic,adequate,rigorous,skillful,8,8,8,8,554,8178,1624,494,6.317,9.009,7.393,6.203,0.86,2.59,0.84,0.78,1.653,2.124,1.643,1.613,0.45,1.32,0.45,0.36,1.591,2.049,1.591,1.491,0,0,1,0,0,0,1,0,3.1,3.15,2.8,3.15,4.04,1.97,2.57,1.93,0.404,0.61,0.573,0.487,0,3538,1098,0,1.542,2.076,1.972,#,3.52,4.7,4.81,6.86,4.38,3.64,5.81,4.42,3.45,6.89,6.18,6.75,761.97,674.688,759.219,648.469,TRUE,FALSE,FALSE,TRUE,-0.1,-0.03,,,,,,,,,,,,,,,,,,,,ADJ
wasteful,inactive,backdoor,homemade,8,8,8,8,1059,1391,429,1360,6.965,7.238,6.061,7.215,0.59,0.67,0.59,2.86,1.491,1.544,1.491,2.167,0.33,0.33,0.33,1.63,1.462,1.462,1.462,2.14,1,0,0,0,2,1,0,0,2.65,2.7,3.55,3.3,1.97,3.17,4.5,2.9,0.379,0.559,0.297,0.524,0,2,0,0,1.856,1.701,#,1.74,2.85,4.24,4.86,7.38,3.55,3.05,3.85,4.08,4,5.04,5.43,6.75,676.312,698.515,710.625,692.806,TRUE,FALSE,FALSE,TRUE,0.678,0.676,,,,,,,,,,,,,,,,,,,,ADJ
snide,naive,lanky,savvy,5,5,5,5,900,4854,683,1066,6.802,8.488,6.526,6.972,0.55,6.45,1.69,1.06,1.462,2.518,1.94,1.74,0.3,3.37,0.8,0.55,1.415,2.453,1.833,1.672,2,1,5,2,7,0,26,5,1.85,1.9,1.75,2.05,2.04,1.85,4.12,2.03,0.241,0.524,0.234,0.39,0,0,0,0,1.548,1.908,1.476,#,3.33,4.22,4.29,6.4,4.09,3.86,2.83,4.23,4.19,5,5.39,6.44,680.682,665.133,671.464,747.417,TRUE,FALSE,FALSE,TRUE,-0.161,-0.2,5,114,4.736,0.43,1.362,0.2,1.255,1,3,1.9,3.12,0.252,0,1.556,5.71,4.32,5.11,adjective,742.259,ADJ
obscene,ongoing,bonkers,teenage,7,7,7,7,5791,8190,403,4035,8.664,9.011,5.999,8.303,3.45,2.18,1.12,6.86,2.248,2.049,1.763,2.545,1.48,1.29,0.38,3.25,2.097,2.037,1.518,2.438,0,1,5,0,0,1,6,0,2.9,2.6,1.85,2.7,1.87,1.88,1.76,3.52,0.477,0.648,0.264,0.61,0,6543,0,4027,1.589,1.987,#,1.64,3.1,4.79,4.95,5.8,5.24,4.24,5.08,5.26,4.64,5.08,4.29,5.05,721.533,672.258,713.692,634.229,TRUE,FALSE,FALSE,TRUE,0.92,0.782,,,,,,,,,,,,,,,,,,,,ADJ
pushy,gruff,huffy,civic,5,5,5,5,418,206,320,3221,6.035,5.328,5.768,8.077,2.37,0.55,0.39,2.16,2.086,1.462,1.322,2.045,1.22,0.23,0.21,1.04,2.013,1.301,1.279,1.944,6,1,3,1,7,6,8,2,1.75,2,1.95,2.2,2.48,2.41,2.26,2.45,0.237,0.348,0.168,0.614,0,0,0,4421,1.666,1.679,#,1.591,3.1,4.05,4.24,5.74,4.6,4.25,3.77,3.5,4.23,5.67,5,5.5,667.818,784.053,778.591,679.727,TRUE,FALSE,FALSE,TRUE,0.665,0.723,,,,,,,,,,,,,,,,,,,,ADJ
unkind,freaky,lumbar,brainy,6,6,6,6,313,356,261,258,5.746,5.875,5.565,5.553,1.39,5,1.02,0.94,1.857,2.408,1.724,1.69,0.76,2.55,0.51,0.52,1.813,2.332,1.643,1.653,2,2,1,2,3,5,3,8,2.45,1.85,2.4,1.85,2.22,2,3.96,1.88,0.246,0.327,0.452,0.233,0,0,0,0,1.649,#,1.239,#,2.55,4.26,4.47,6.26,4.24,6.05,3.28,5.05,4.84,4.21,4.82,6.92,633.879,673.094,780.318,683.727,TRUE,FALSE,FALSE,TRUE,0.01,-0.034,,,,,,,,,,,,,,,,,,,,ADJ
haphazard,synthetic,abdominal,bountiful,9,9,9,9,298,3331,850,227,5.697,8.111,6.745,5.425,0.2,2.51,3.41,0.76,1.041,2.111,2.243,1.602,0.11,1.2,1.24,0.41,1,2.009,2.021,1.544,0,0,0,0,0,0,0,0,4.35,3.3,3.75,3.6,2.48,3,4.28,2.07,0.323,0.587,0.561,0.326,0,1877,6,0,1.938,1.541,1.083,#,3.28,4.76,4.48,6.27,4.67,3.61,3.5,4.43,3.7,5.05,5.32,6.16,841.9,812.344,715.548,886.481,TRUE,FALSE,FALSE,TRUE,-0.477,-0.641,,,,,,,,,,,,,,,,,,,,ADJ
incorrect,condensed,erroneous,elaborate,9,9,9,9,11960,1508,1876,4853,9.389,7.319,7.537,8.487,2.22,0.39,0.53,4.75,2.057,1.322,1.447,2.386,0.98,0.21,0.21,2.6,1.919,1.279,1.279,2.34,0,2,0,0,0,1,0,0,3.65,2.45,3.8,3.05,2.07,2.93,1.68,2.68,0.583,0.518,0.494,0.616,1942,0,0,4539,1.749,1.854,1.757,1.962,3.09,4.38,4.38,6.38,3.62,4.05,4.64,4.23,4.62,5,4.07,6.05,685.441,719.032,797.773,714.212,TRUE,FALSE,FALSE,TRUE,1.061,0.939,,,,,,,,,,,,,,,,,,,,ADJ
impolite,indecent,hairless,thankful,8,8,8,8,535,5749,1751,2279,6.282,8.657,7.468,7.731,1.29,1.78,0.59,5.37,1.826,1.964,1.491,2.439,0.72,0.87,0.3,2.43,1.785,1.869,1.415,2.312,0,0,1,0,0,0,3,0,2.95,2.65,2.35,3.4,1.96,1.86,4.52,1.69,0.239,0.421,0.456,0.354,0,0,0,0,1.468,1.136,#,1.681,3.1,4.52,4.45,7.76,5.25,5.4,5.2,4.52,3.95,4.43,4.96,6.55,750.516,819.455,771.188,701.471,TRUE,FALSE,FALSE,TRUE,0.897,0.948,,,,,,,,,,,,,,,,,,,,ADJ
unpopular,notorious,delirious,agreeable,9,9,9,9,1496,2482,259,656,7.311,7.817,5.557,6.486,1.29,3.71,2.65,1.59,1.826,2.279,2.134,1.914,0.7,1.9,1.24,0.83,1.778,2.204,2.021,1.851,0,0,1,1,0,0,1,0,3.95,3.3,2.75,3.6,2.07,1.63,2.12,2.07,0.567,0.611,0.385,0.358,879,4241,0,0,1.812,1.999,1.533,1.758,2.95,4.19,4.32,6.9,4.25,4.68,5.81,3.55,3.48,5.23,4.61,6.97,704,721.29,852.355,767.118,TRUE,FALSE,FALSE,TRUE,-0.17,-0.22,,,,,,,,,,,,,,,,,,,,ADJ
bossy,inept,rowdy,lyric,5,5,5,5,311,1017,421,1871,5.74,6.925,6.043,7.534,1.75,0.84,1.02,1.1,1.954,1.643,1.724,1.756,0.81,0.42,0.55,0.38,1.839,1.556,1.672,1.518,3,2,2,0,8,1,11,1,1.9,1.9,1.9,2.4,2.21,1.74,2.6,3.61,0.315,0.398,0.405,0.57,0,0,0,865,1.628,1.902,1.526,1.134,2.86,4.1,4.16,6.53,4.68,4.2,4.88,3.57,4.73,4.23,4.7,5.64,677.419,797,635.812,629.647,TRUE,FALSE,FALSE,TRUE,-0.154,0.032,,,,,,,,,,,,,,,,,,,,ADJ
unfeeling,statutory,traceable,foolproof,9,9,9,9,184,1406,275,689,5.215,7.249,5.617,6.535,0.65,0.92,0.47,1.84,1.532,1.681,1.398,1.978,0.36,0.44,0.29,0.95,1.491,1.58,1.398,1.909,1,0,1,0,3,0,1,0,2.6,3.7,3.35,4.15,2.17,1.75,2.14,1.79,0.207,0.571,0.327,0.214,0,487,0,0,1.527,1.529,1.988,1.985,2.79,4.37,4.63,5.82,3.61,5,3.61,4.36,4.42,4.32,5.24,6,704.147,941.208,933.618,774.032,TRUE,FALSE,FALSE,TRUE,0.511,0.58,,,,,,,,,,,,,,,,,,,,ADJ
merciless,primitive,secondary,courteous,9,9,9,9,437,4408,12692,1564,6.08,8.391,9.449,7.355,1.2,5.16,4.1,1.22,1.792,2.422,2.322,1.799,0.68,2.52,1.93,0.66,1.763,2.326,2.212,1.748,0,0,0,0,0,0,0,0,3.45,3.6,3.45,2.8,1.96,2.33,2.37,1.97,0.367,0.607,0.661,0.324,0,3623,7272,0,1.705,1.582,1.639,1.74,3.05,4.1,4.77,7.05,5.05,3.62,3.85,3.95,5.05,3.38,4.96,7.26,839.333,720.548,617.688,710.613,TRUE,FALSE,FALSE,TRUE,-0.464,-0.523,,,,,,,,,,,,,,,,,,,,ADJ
loveless,palpable,lukewarm,luminous,8,8,8,8,255,213,428,480,5.541,5.361,6.059,6.174,0.45,0.41,0.47,0.76,1.38,1.342,1.398,1.602,0.2,0.24,0.24,0.42,1.255,1.322,1.322,1.556,0,1,0,1,1,0,0,1,2.55,2.35,4,2.65,1.86,2.52,3.64,3.12,0.403,0.302,0.398,0.461,0,0,0,0,1.25,1.862,1.962,1.353,2.59,4.85,4.5,6.29,4.46,4.59,2.61,3.73,3.96,5.37,5.76,5.85,674.875,773.92,723.276,753.125,TRUE,FALSE,FALSE,TRUE,0.234,0.204,,,,,,,,,,,,,,,,,,,,ADJ
insidious,pragmatic,frivolous,intuitive,9,9,9,9,833,1181,943,3063,6.725,7.074,6.849,8.027,0.88,0.59,1.2,1.06,1.663,1.491,1.792,1.74,0.49,0.3,0.62,0.58,1.623,1.415,1.724,1.699,1,0,0,0,1,0,0,0,3.65,3.05,3.85,2.95,1.72,1.84,2.43,1.23,0.308,0.546,0.393,0.551,0,0,0,2,1.857,1.658,1.796,1.577,3.55,4.58,4.65,6,4.68,3.38,4.22,4.28,3.58,5.45,4.27,6.29,786.269,742.69,908.69,817.111,TRUE,FALSE,FALSE,TRUE,-0.025,-0.052,,,,,,,,,,,,,,,,,,,,ADJ
unclean,sketchy,foreign,armored,7,7,7,7,601,738,42189,1471,6.399,6.604,10.65,7.294,1.27,1.24,22.29,3.25,1.819,1.806,3.056,2.223,0.55,0.67,8.93,1.05,1.672,1.756,2.875,1.949,1,0,0,0,0,3,5,4,2.65,2.75,2.75,2.55,3.21,1.96,2.5,3.59,0.355,0.314,0.672,0.573,0,0,7899,846,1.202,2.038,1.861,#,2.95,4.09,4.86,5.67,4.12,4.96,5.43,3.52,4.19,4.58,4.79,5.7,661.788,762.031,676.235,702.438,TRUE,FALSE,FALSE,TRUE,-0.926,-0.833,,,,,,,,,,,,,,,,,,,,ADJ
faithless,unbridled,occipital,strategic,9,9,9,9,70,330,90,8845,4.248,5.799,4.5,9.088,0.53,0.59,0.71,2.59,1.447,1.491,1.568,2.124,0.24,0.33,0.29,1.19,1.322,1.462,1.398,2.004,0,0,0,0,1,0,0,0,2.9,3.3,3.9,3.6,1.7,1.35,,1.93,0.323,0.272,0.459,0.637,0,0,0,5640,#,1.871,#,1.627,3.57,4.63,4.45,6.57,4.1,4.45,4.14,4.32,4.57,5,5.35,6.29,788.943,774.462,882.542,754.091,TRUE,FALSE,FALSE,TRUE,0.606,0.556,,,,,,,,,,,,,,,,,,,,ADJ
frightful,unfounded,oblivious,momentous,9,9,9,9,164,1390,845,252,5.1,7.237,6.739,5.529,1.16,0.61,1.06,0.71,1.778,1.505,1.74,1.568,0.62,0.35,0.54,0.38,1.724,1.477,1.663,1.518,0,2,0,1,2,2,1,1,3.35,2.6,3.55,3.35,2.21,1.89,1.93,1.7,0.295,0.416,0.432,0.322,0,0,0,0,1.562,2.037,1.669,1.952,2.95,4.18,4.5,6.35,5.2,3.96,3.5,4.9,3.55,4.57,3.81,5.95,749.129,817.848,805.321,827,TRUE,FALSE,FALSE,TRUE,-0.145,-0.172,,,,,,,,,,,,,,,,,,,,ADJ
toothless,countless,flammable,talkative,9,9,9,9,160,3398,546,258,5.075,8.131,6.303,5.553,0.55,2.37,0.71,0.9,1.462,2.086,1.568,1.672,0.3,1.32,0.38,0.51,1.415,2.049,1.518,1.643,0,0,0,0,3,0,0,0,3,2.55,3.75,3.6,4.26,1.72,3.61,3,0.302,0.581,0.456,0.288,0,1981,0,0,1.59,1.966,1.216,1.749,2.52,4.8,4.25,5.56,4,4.22,5.95,4.45,3.52,4.14,4.54,5.79,689.29,624.375,713.469,746.412,TRUE,FALSE,FALSE,TRUE,0.125,0.104,,,,,,,,,,,,,,,,,,,,ADJ
senile,ardent,kosher,upbeat,6,6,6,6,543,491,1651,568,6.297,6.196,7.409,6.342,1.73,0.59,2.69,1.1,1.949,1.491,2.14,1.756,0.86,0.33,1.11,0.55,1.863,1.462,1.973,1.672,0,1,2,0,0,0,2,0,2,2,2.2,2.7,2.46,1.64,3.07,1.93,0.299,0.515,0.449,0.534,0,0,0,0,1.511,1.805,1.183,1.69,3.14,4.95,4.68,7.14,3.68,4.62,3.06,4.92,3,5.32,6.12,7.5,725.552,753.818,810.069,657.844,TRUE,FALSE,FALSE,TRUE,-0.301,-0.384,,,,,,,,,,,,,,,,,,,,ADJ
stagnant,cerebral,solitary,fruitful,8,8,8,8,493,1052,1087,767,6.201,6.958,6.991,6.642,0.27,2.02,3.41,0.92,1.176,2.017,2.243,1.681,0.17,1.05,1.68,0.51,1.176,1.949,2.152,1.643,0,0,0,0,0,0,1,2,3.3,2.8,2.75,3,3.07,2.22,3.31,2.38,0.407,0.562,0.561,0.443,0,6,405,0,1.808,1.253,1.814,1.91,3.05,4.95,4.65,7.11,3.49,3.7,2.96,4.14,4.27,6.76,6.25,6.91,927.8,776.69,719.559,666.935,TRUE,FALSE,FALSE,TRUE,-0.509,-0.562,,,,,,,,,,,,,,,,,,,,ADJ
brutish,genetic,minimal,audible,7,7,7,7,191,12111,9517,1360,5.252,9.402,9.161,7.215,0.41,7.55,2.16,0.71,1.342,2.587,2.045,1.568,0.24,3.11,1.13,0.32,1.322,2.418,1.982,1.447,1,1,0,1,3,2,1,2,2.75,2.7,2.65,2.75,2.43,2.73,2,3.23,0.262,0.612,0.629,0.504,0,3618,5078,0,1.603,1.171,2.174,1.705,3,4.79,4.62,6.05,4.74,3.83,3.41,4.45,5.11,3.76,4.67,6.26,875.958,659.656,680.931,753.833,TRUE,FALSE,FALSE,TRUE,-0.535,-0.477,,,,,,,,,,,,,,,,,,,,ADJ
destitute,intensive,insistent,unlimited,9,9,9,9,255,4488,497,25106,5.541,8.409,6.209,10.131,0.71,2.2,0.84,2.8,1.568,2.053,1.643,2.158,0.39,1.16,0.5,1.39,1.532,1.991,1.633,2.072,0,0,0,0,0,0,0,0,3.1,2.6,2.8,2.9,2.08,2.33,1.72,1.88,0.431,0.6,0.336,0.586,0,3163,0,2436,1.548,1.875,1.836,1.886,2.11,4.25,4.75,6.16,4.2,4.38,3.91,4.52,4.3,5.9,5.54,6.61,904.321,685.833,893,754.333,TRUE,FALSE,FALSE,TRUE,0.439,0.515,,,,,,,,,,,,,,,,,,,,ADJ
ignorant,previous,advisory,graceful,8,8,8,8,10868,68239,4271,899,9.294,11.131,8.36,6.801,6.25,9.49,1,2.31,2.505,2.686,1.716,2.075,3.27,5.15,0.51,1.28,2.439,2.636,1.643,2.033,0,1,1,1,1,0,0,1,3,2.8,2.9,2.8,1.62,2.52,2.5,2.37,0.508,0.692,0.6,0.503,0,9366,2986,0,1.894,2.285,1.695,1.631,3.24,4.74,4.95,6.95,4.18,3.59,4.05,4,4.07,5.12,4.19,6.52,683.312,598.758,647.259,623.062,TRUE,FALSE,FALSE,TRUE,0.39,0.359,,,,,,,,,,,,,,,,,,,,ADJ
scratchy,sluggish,unlisted,tangible,8,8,8,8,761,856,695,261,6.635,6.752,6.544,5.565,0.96,0.78,0.96,0.82,1.699,1.613,1.699,1.633,0.49,0.42,0.48,0.42,1.623,1.556,1.613,1.556,0,0,1,2,4,2,1,2,2.65,2.95,2.6,2.9,2.69,2.93,2.46,4.55,0.493,0.365,0.265,0.388,0,0,0,0,1.413,1.831,1.086,1.452,3.65,4.05,4.21,6.1,4.82,3.2,3.73,4,4.58,4.5,5,6.1,709.29,639.441,726.618,719.387,TRUE,FALSE,FALSE,TRUE,-0.057,-0.066,8,1527,7.331,1.1,1.756,0.62,1.724,1,0,2.75,2.77,0.518,0,2.008,5.63,4.18,6.56,adjective,824.033,ADJ
hopeless,variable,abrasive,athletic,8,8,8,8,1974,99,576,3739,7.588,4.595,6.356,8.227,8.94,0.47,0.45,3.86,2.66,1.398,1.38,2.297,4.34,0.19,0.26,1.82,2.562,1.23,1.362,2.188,1,0,0,0,2,1,0,0,2.55,2.8,2.9,2.75,1.59,2.46,3.03,2.69,0.46,0.358,0.455,0.623,0,0,0,4812,1.734,#,1.499,1.472,2.2,4.5,4.26,6.76,4.52,5.5,6.1,5,2.84,4.53,4.94,6.11,635.788,804.25,710.594,702.714,TRUE,FALSE,FALSE,TRUE,0.826,0.917,8,20715,9.939,0.76,1.602,0.42,1.556,1,0,2.5,2.24,0.618,3587,1.587,5.29,3.65,5.21,adjective|noun,734.258,ADJ
nauseous,infrared,anterior,painless,8,8,8,8,261,1867,839,1220,5.565,7.532,6.732,7.107,3.1,3.04,0.94,1.94,2.201,2.193,1.69,2,1.61,1.29,0.49,1.01,2.134,2.037,1.623,1.935,0,0,1,1,0,0,1,1,3.25,2.85,2.55,2.25,2.41,3.34,3.5,2.29,0.195,0.574,0.585,0.357,0,383,10,0,1.596,0.899,1.052,1.706,1.95,4.39,4.89,7.4,4.18,4.41,3.36,4.1,3.19,5.25,4.64,5.72,796.7,947.619,805.792,601.686,TRUE,FALSE,FALSE,TRUE,0.312,0.31,,,,,,,,,,,,,,,,,,,,ADJ
autistic,clinical,gullible,prodigal,8,8,8,8,836,8913,1067,2154,6.729,9.095,6.973,7.675,1.14,2.92,1.25,1.12,1.771,2.176,1.813,1.763,0.35,1.53,0.67,0.61,1.477,2.111,1.756,1.716,1,0,1,0,0,1,0,0,2.9,2.65,3.35,3.25,2.89,2.52,1.78,1.65,0.477,0.611,0.289,0.339,0,3552,0,0,#,1.304,1.112,1.463,3.62,4.82,4.16,5.53,4.24,4.1,4.06,3.57,2.43,4.7,3.59,5.87,907.679,679.5,749.345,834.885,TRUE,FALSE,FALSE,TRUE,-0.04,-0.05,,,,,,,,,,,,,,,,,,,,ADJ
bacterial,political,unguarded,masterful,9,9,9,9,1348,68811,147,300,7.206,11.139,4.99,5.704,0.73,21.86,0.71,0.39,1.58,3.048,1.568,1.322,0.38,7.7,0.41,0.24,1.518,2.811,1.544,1.322,0,0,0,0,1,1,1,0,3.05,2.65,3,3.2,3.54,1.83,2.08,1.93,0.579,0.673,0.295,0.377,94,8061,0,0,1.106,1.877,1.786,1.768,3.68,4.35,4.45,6.72,5,4,4.33,4.38,3.6,4.08,4.32,6.77,686.303,628.848,752.467,775.853,TRUE,FALSE,FALSE,TRUE,-0.222,-0.246,,,,,,,,,,,,,,,,,,,,ADJ
unclear,unheard,elitist,diverse,7,7,7,7,3993,1001,1786,6574,8.292,6.909,7.488,8.791,1.47,1.49,0.45,0.76,1.881,1.887,1.38,1.602,0.83,0.83,0.24,0.44,1.851,1.851,1.322,1.58,1,0,1,1,0,1,0,2,2.6,2.8,2.75,1.9,2.39,2.22,2.42,2.24,0.612,0.434,0.367,0.64,4295,0,0,5692,2.025,2.019,1.418,1.946,3.67,4.16,4.5,6,4.19,3.18,4.57,3.64,4.12,3.54,5.74,6.17,696.065,691.448,905.167,696.515,TRUE,FALSE,FALSE,TRUE,,,,,,,,,,,,,,,,,,,,,,ADJ
refuse,disarm,enlist,decode,6,6,6,6,14723,991,531,4620,9.597,6.899,6.275,8.438,20.98,2.14,1.57,1.08,3.03,2.041,1.909,1.748,10.12,1.01,0.73,0.48,2.929,1.935,1.792,1.613,3,0,0,4,1,0,1,0,1.7,2.75,2.45,1.9,3.04,3.55,2.71,3,0.584,0.399,0.479,0.441,2044,0,0,0,2.025,1.498,1.945,1.495,3.42,4.38,4.42,5.5,4.32,3.7,3.71,4.59,4.5,5.94,5.58,6.58,627.515,845.062,714.966,745.467,TRUE,FALSE,FALSE,TRUE,,,,,,,,,,,,,,,,,,,,,,VERB
grovel,oppose,manage,relive,6,6,6,6,552,6419,18086,308,6.314,8.767,9.803,5.73,1.2,2.16,21.47,1.69,1.792,2.045,3.04,1.94,0.58,1.13,10.6,0.97,1.699,1.982,2.949,1.914,3,1,1,2,1,2,1,1,1.85,2.35,1.85,1.8,3,2.52,2,2.12,0.183,0.58,0.64,0.287,0,1596,6094,0,#,1.848,2.006,1.723,3.3,4.21,4.71,5.89,3.65,5.17,3.52,4.22,3.45,5.74,5.88,5.47,771.308,692.032,663.548,787.455,TRUE,FALSE,FALSE,TRUE,,,,,,,,,,,,,,,,,,,,,,VERB
pollute,uncover,debrief,sustain,7,7,7,7,628,941,45,3108,6.443,6.847,3.807,8.042,0.45,1.92,1.14,2.67,1.38,1.996,1.771,2.137,0.27,1.04,0.54,1.49,1.38,1.944,1.663,2.1,0,0,0,0,3,0,0,0,2.7,2.75,2.75,2.45,2.75,3.42,2.57,2.17,0.294,0.504,0.17,0.579,0,0,0,1671,1.14,1.909,#,2.055,1.88,4.89,4.59,5.68,4.91,3.55,3.61,3.73,4.47,6.5,5.58,6.45,775.543,739.625,759.581,756.406,TRUE,FALSE,FALSE,TRUE,,,,,,,,,,,,,,,,,,,,,,VERB
suppress,compile,dissuade,identify,8,8,8,8,2665,330,431,15924,7.888,5.799,6.066,9.676,1.49,0.59,0.53,16.18,1.887,1.491,1.447,2.917,0.81,0.25,0.31,7.38,1.839,1.342,1.431,2.792,0,1,0,1,0,5,1,0,2.8,2.15,3.15,3.1,2.22,3.76,2.24,2.64,0.556,0.257,0.364,0.64,58,0,0,5648,1.962,1.371,1.999,2.013,2.72,4.91,4.11,6,3.55,4.41,3.35,4.16,4.55,5.1,4.96,6.14,775.088,781.621,925.8,638.152,TRUE,FALSE,FALSE,TRUE,,,,,,,,,,,,,,,,,,,,,,VERB
stagger,suspend,require,astound,7,7,7,7,353,1727,46963,143,5.866,7.454,10.757,4.963,0.59,2.76,10.63,0.43,1.491,2.152,2.735,1.362,0.33,1.39,5.41,0.23,1.462,2.072,2.658,1.301,3,0,1,0,6,1,1,0,2.05,2.65,2.35,2.7,3.57,2.74,2.07,1.93,0.261,0.48,0.655,0.17,0,0,6148,0,1.673,1.86,2.057,#,3.42,4.32,4.74,6.3,4.38,4.87,4.33,5.05,4.15,4.68,4.79,5.56,703.594,663.265,661.364,809.679,TRUE,FALSE,FALSE,TRUE,,,,,,,,,,,,,,,,,,,,,,VERB
misread,adjourn,teeming,rejoice,7,7,7,7,852,1770,199,289,6.748,7.479,5.293,5.666,0.86,1.12,0.65,0.76,1.653,1.763,1.532,1.602,0.49,0.58,0.36,0.41,1.623,1.699,1.491,1.544,1,0,4,1,2,10,10,1,2.55,2.4,1.8,2.35,2.07,3.41,,1.89,0.237,0.238,0.29,0.522,0,0,0,0,1.922,1.409,1.648,1.881,3.59,4.1,4.83,5.95,3.79,4.48,3.6,4.88,3.33,4.16,4.4,4.39,769.719,704.72,792.846,666.571,TRUE,FALSE,FALSE,TRUE,7,878,6.778,1.69,1.94,0.87,1.869,0,1,2.75,2.17,0.404,0,1.363,7.14,5.56,7.68,verb,677.667,,,VERB
exclude,absolve,scuttle,acquire,7,7,7,7,3868,223,186,6529,8.26,5.407,5.226,8.784,1,0.57,0.8,2.65,1.716,1.477,1.623,2.134,0.57,0.3,0.29,1.47,1.69,1.415,1.398,2.093,0,0,1,0,0,0,2,1,2.45,2.8,2.45,2.55,2.62,1.85,3.35,2.93,0.554,0.257,0.301,0.614,39,0,0,4237,1.82,#,1.643,1.961,3.55,4.58,4.5,5.5,4.81,3.53,3.86,4.86,4.67,4.82,4.93,7,741.281,730.12,704.143,673.939,TRUE,FALSE,FALSE,TRUE,,,,,,,,,,,,,,,,,,,,,,VERB
disgusted,overpower,intercept,designate,9,9,9,9,1587,588,1805,1127,7.37,6.377,7.498,7.027,1.76,0.59,4.22,0.61,1.959,1.491,2.334,1.505,0.94,0.31,1.82,0.32,1.903,1.431,2.188,1.447,0,0,0,0,0,0,1,0,2.65,3,2.5,2.7,2.34,2.59,3.18,3.14,0.515,0.37,0.557,0.533,0,0,11,0,1.79,#,1.652,1.875,2.68,4.14,4.64,5.62,4.89,4.96,4.59,4.6,4.24,5.58,5.1,5.61,681.242,690.441,864.788,819.414,TRUE,FALSE,FALSE,TRUE,,,,,,,,,,,,,,,,,,,,,,VERB
atrophy,dictate,unravel,appease,7,7,7,7,434,2319,315,785,6.073,7.749,5.753,6.666,0.41,1.75,0.96,0.49,1.342,1.954,1.699,1.415,0.21,1.03,0.55,0.27,1.279,1.94,1.672,1.38,0,0,0,0,0,0,0,5,3.15,2.6,2.75,2.4,2.86,3.15,2.59,1.93,0.472,0.473,0.363,0.407,0,0,0,0,1.144,2.123,2.049,1.874,3.16,4.4,4.39,5.95,3.86,3.24,4.16,3.55,4,4.96,3.84,5.59,912.038,721.121,666.774,735.586,TRUE,FALSE,FALSE,TRUE,,,,,,,,,,,,,,,,,,,,,,VERB
paralyze,overlook,dominate,conceive,8,8,8,8,1665,1583,3176,1352,7.418,7.367,8.063,7.209,0.47,2.9,1.86,2.29,1.398,2.173,1.982,2.072,0.27,1.49,0.98,1.25,1.38,2.1,1.919,2.025,1,1,1,0,0,1,1,4,2.85,2.55,2.3,2.4,3.41,2.41,2.12,2.04,0.26,0.47,0.584,0.434,0,0,1874,0,#,1.955,2.011,1.64,2.52,4.3,4.4,5.63,4.47,3.78,6.4,4.95,3.05,5.1,5.54,5.92,683.788,589.412,746.97,737.636,TRUE,FALSE,FALSE,TRUE,,,,,,,,,,,,,,,,,,,,,,VERB
resent,comply,expose,strive,6,6,6,6,1894,3028,5440,2377,7.546,8.016,8.602,7.774,5.75,2.31,7.06,1.31,2.468,2.075,2.558,1.833,2.87,1.1,3.65,0.64,2.384,1.968,2.487,1.74,5,1,0,6,2,0,1,5,1.65,1.95,2,1.7,2.41,2.19,3.46,2.07,0.355,0.563,0.568,0.53,0,526,893,0,1.848,1.647,2.066,1.843,3.28,4.25,4.14,6.32,4.05,2.68,5.89,4.62,4.21,4.7,4.24,6.35,711.677,744.333,709.03,570.75,TRUE,FALSE,FALSE,TRUE,,,,,,,,,,,,,,,,,,,,,,VERB
inflict,combine,vamoose,sharpen,7,7,7,7,1204,6592,10,523,7.093,8.794,2.303,6.26,1.35,2.22,0.59,1.12,1.845,2.057,1.491,1.763,0.76,1.28,0.31,0.61,1.813,2.033,1.431,1.716,1,1,0,1,1,0,1,1,2.55,2.15,2.85,2,2.75,3.41,,3.72,0.451,0.618,0.298,0.288,0,4213,0,0,1.79,2.099,#,1.979,3.35,4.84,4.38,5.67,3.71,3.64,4.86,4.74,4.6,5.54,5.12,5.67,718.419,695.97,975.333,754.206,TRUE,FALSE,FALSE,TRUE,,,,,,,,,,,,,,,,,,,,,,VERB
deceive,migrate,blacken,protect,7,7,7,7,3934,1713,86,29349,8.277,7.446,4.454,10.287,8.94,0.41,0.39,70.25,2.66,1.342,1.322,3.554,4.6,0.24,0.21,25.76,2.588,1.322,1.279,3.335,2,0,4,2,4,1,2,0,1.9,2.05,2.05,2.05,3.28,3.15,3.43,2.86,0.564,0.532,0.196,0.658,564,0,0,6916,1.845,1.38,#,2.032,3.2,4.57,4.1,6.83,3.95,3.33,3.95,3.7,3.45,5.55,4.74,5.83,676.25,725.1,760.065,602.379,TRUE,FALSE,FALSE,TRUE,7,1300,7.17,3.41,2.243,1.81,2.185,1,2,2.05,1.68,0.376,0,1.769,2.95,5.9,4.58,verb,670.794,,,VERB
disable,abstain,regroup,certify,7,7,7,7,7620,960,200,848,8.939,6.867,5.298,6.743,1.55,0.51,1.41,0.49,1.903,1.431,1.863,1.415,0.7,0.23,0.74,0.26,1.778,1.301,1.799,1.362,0,0,0,0,0,0,0,0,2.35,2.75,2.8,2.6,3.42,2.38,2.41,2.55,0.469,0.361,0.407,0.444,0,0,0,0,1.68,1.694,#,1.498,3.58,4.4,4.7,5.89,3.6,3.1,4.09,3.62,4.04,6.08,6.28,5.93,689.061,729.5,768.69,845.323,TRUE,FALSE,FALSE,TRUE,,,,,,,,,,,,,,,,,,,,,,VERB
smother,divulge,conform,restore,7,7,7,7,178,498,3356,10667,5.182,6.211,8.119,9.275,1.18,1.27,0.86,4.96,1.785,1.819,1.653,2.405,0.69,0.73,0.46,2.5,1.771,1.792,1.602,2.324,0,0,1,0,2,0,0,0,2.1,2.95,2.2,2.2,3.1,2.23,1.83,2.79,0.239,0.327,0.55,0.613,0,0,2,4127,1.797,1.78,1.942,2.053,2.68,4.79,4.78,5.86,4.75,5.43,3.9,4.1,4.2,5.04,3.67,6.76,787.833,810.964,648,649,TRUE,FALSE,FALSE,TRUE,,,,,,,,,,,,,,,,,,,,,,VERB
detain,recoil,insist,reopen,6,6,6,6,304,1127,8280,782,5.717,7.027,9.022,6.662,1.82,0.43,17.84,1.59,1.973,1.362,2.959,1.914,0.97,0.26,8.95,0.73,1.914,1.362,2.876,1.792,2,0,0,0,3,1,2,0,1.9,2.45,1.95,2.3,2.74,3.55,2.14,2.84,0.386,0.543,0.534,0.496,0,0,0,0,1.653,1.574,2.06,1.8,3,4.8,4.42,5.75,4.25,4.63,4.55,4.14,4.86,4.31,6.35,5.68,745.065,722.529,603.176,786.9,TRUE,FALSE,FALSE,TRUE,,,,,,,,,,,,,,,,,,,,,,VERB
flunk,churn,infer,adopt,5,5,5,5,222,339,1469,5702,5.403,5.826,7.292,8.649,1.8,0.61,0.57,4.67,1.968,1.505,1.477,2.378,0.89,0.36,0.27,2.19,1.881,1.491,1.38,2.267,5,1,2,2,4,22,1,2,1.8,1.95,1.9,1.85,2.4,4,2.15,2.36,0.167,0.278,0.447,0.604,0,0,0,3525,#,1.856,1.667,2.072,1.95,4.84,4.79,6.9,3.72,4.28,3.82,4.71,4.23,4.35,4.95,5.45,674.867,664.818,802.517,614.412,TRUE,FALSE,FALSE,TRUE,,,,,,,,,,,,,,,,,,,,,,VERB
solicit,beseech,concede,forgive,7,7,7,7,1219,101,690,8912,7.106,4.615,6.537,9.095,0.61,1.55,0.63,76.8,1.505,1.903,1.518,3.593,0.31,0.74,0.32,26.34,1.431,1.799,1.447,3.344,0,0,3,1,0,2,1,1,2.65,2.9,1.9,2.6,2.83,,1.88,1.92,0.38,0.275,0.56,0.525,0,0,356,0,1.687,#,1.87,1.495,3.59,4.89,4.9,7.06,4.68,4.77,3.68,3.62,4.95,4.26,5.52,6.44,822.903,824.864,721.893,566.667,TRUE,FALSE,FALSE,TRUE,7,1911,7.555,1.04,1.732,0.54,1.663,0,3,2.05,1.96,0.391,0,1.9,4.48,2.73,4.78,verb,854.161,,,VERB
alienate,withdraw,bequeath,expedite,8,8,8,8,1156,5353,25,696,7.053,8.585,3.219,6.545,1.12,6.61,0.84,0.67,1.763,2.529,1.643,1.544,0.61,2.77,0.36,0.38,1.716,2.367,1.491,1.518,8,1,0,0,14,1,0,0,1.8,3.4,3.35,3,3.04,3.04,2,3.04,0.5,0.584,0.26,0.347,0,1843,0,0,1.794,1.988,#,#,2.95,4.11,4.64,6.1,3.86,3.95,4.39,4.86,3.22,4.67,5.6,5.96,633.576,675.647,820.652,806.455,TRUE,FALSE,FALSE,TRUE,8,565,6.337,0.57,1.477,0.33,1.462,0,0,2.7,1.83,0.34,0,1.807,2.79,4.27,3.71,verb,815.121,,,VERB
decompose,stipulate,dismantle,transform,9,9,9,9,259,357,715,3508,5.557,5.878,6.572,8.163,0.47,0.63,0.9,2.2,1.398,1.518,1.672,2.053,0.24,0.29,0.49,1.06,1.322,1.398,1.623,1.954,0,1,0,0,0,1,0,0,3.25,2.7,3.45,2.6,3,2.04,3.7,2.41,0.426,0.325,0.389,0.603,0,0,0,3217,#,1.575,1.892,1.977,2.42,4.86,4.74,6.05,4.17,4.11,4.05,4.86,3.4,5.71,4.5,6.13,744.406,930.552,840.793,690.667,TRUE,FALSE,FALSE,TRUE,,,,,,,,,,,,,,,,,,,,,,VERB
disparage,quivering,apologize,recommend,9,9,9,9,384,691,10435,37525,5.951,6.538,9.253,10.533,0.86,0.51,49.37,14,1.653,1.431,3.401,2.854,0.52,0.29,20.09,7.19,1.653,1.398,3.227,2.781,1,1,0,0,0,1,1,0,3.15,2.95,3.4,2.95,1.83,3.46,2.63,1.74,0.261,0.197,0.498,0.561,0,0,0,437,#,1.3,1.461,2.006,3,4.19,4.94,6.52,3.96,4.68,3.52,3.71,3.52,3.95,4.22,6.3,868.13,896.607,722.167,754.242,TRUE,FALSE,FALSE,TRUE,,,,,,,,,,,,,,,,,,,,,,VERB
undermine,disengage,replicate,cooperate,9,9,9,9,1573,293,1053,2591,7.361,5.68,6.959,7.86,1.45,1.06,0.73,10.35,1.875,1.74,1.58,2.724,0.82,0.48,0.36,4.9,1.845,1.613,1.491,2.615,1,0,0,0,1,0,0,0,2.3,3.8,2.6,2.65,1.9,2.69,3.33,1.87,0.54,0.309,0.495,0.56,0,0,0,347,1.948,#,1.607,1.846,3.05,4.05,4.95,6.39,4.21,3.95,3.9,3.83,4.6,5.4,5.96,6.18,778.677,979,720.031,660.424,TRUE,FALSE,FALSE,TRUE,,,,,,,,,,,,,,,,,,,,,,VERB
repel,evade,cling,learn,5,5,5,5,633,785,1220,71507,6.45,6.666,7.107,11.178,0.67,0.88,2.51,118.57,1.544,1.663,2.111,3.782,0.35,0.52,1.26,40.7,1.477,1.653,2.029,3.533,2,0,8,3,2,0,14,28,1.75,1.9,1.7,1.8,3,2.67,3.59,2.2,0.473,0.517,0.335,0.65,0,0,0,6828,1.784,2.017,1.796,1.881,3.67,4.55,4.8,6.85,4.43,5.91,4,4.8,4.75,5.95,4.63,7,671.727,683.613,622.812,627.382,TRUE,FALSE,FALSE,TRUE,,,,,,,,,,,,,,,,,,,,,,VERB
disturb,magnify,testify,reunite,7,7,7,7,1394,253,2037,240,7.24,5.533,7.619,5.481,11.1,0.59,14.2,0.71,2.754,1.491,2.86,1.568,5.73,0.26,4.92,0.39,2.683,1.362,2.617,1.532,0,0,1,0,0,0,0,0,2.85,2.9,2.5,2.65,3.04,3.71,2.67,2.86,0.409,0.259,0.55,0.538,0,0,3,0,1.841,#,1.891,#,3.45,4.86,4.55,6.86,4.98,4.41,6.16,5.05,4.29,6.3,5.88,6.37,627.765,737.853,725.485,726.706,TRUE,FALSE,FALSE,TRUE,,,,,,,,,,,,,,,,,,,,,,VERB
distort,isolate,rummage,flourish,7,7,7,7,1351,3142,176,326,7.209,8.053,5.17,5.787,0.39,2.88,0.78,0.8,1.322,2.17,1.613,1.623,0.23,1.45,0.27,0.37,1.301,2.09,1.38,1.505,1,0,0,1,1,1,0,1,2.75,2.55,2.8,1.95,2.66,2.67,2.66,4,0.396,0.498,0.171,0.3,0,0,0,0,1.919,1.989,1.109,1.415,3.38,4.35,4.95,6.6,3.62,4.6,4.1,3.92,4.7,4.38,4.85,5,707.4,647.765,665.52,605.882,TRUE,FALSE,FALSE,TRUE,8,924,6.829,0.8,1.623,0.48,1.613,0,0,2.8,2.1,0.504,0,2.049,7.21,5.22,6.17,verb|noun,612,,,VERB
annoy,wield,deter,munch,5,5,5,5,3874,649,1271,1219,8.262,6.475,7.148,7.106,2.51,0.76,0.39,0.84,2.111,1.602,1.322,1.643,1.37,0.35,0.24,0.43,2.064,1.477,1.322,1.568,0,2,5,5,3,22,2,7,1.95,1.8,1.75,1.65,1.93,3.07,2.33,3.82,0.324,0.403,0.506,0.375,0,0,0,0,1.696,1.779,1.935,1.498,2.49,4.82,4.05,6.32,5.04,4.53,3.86,3.62,4.64,5.8,5.13,6.14,650.03,704.769,798.19,784.115,TRUE,FALSE,FALSE,TRUE,,,,,,,,,,,,,,,,,,,,,,VERB
misplace,converge,marooned,befriend,8,8,8,8,81,576,333,130,4.394,6.356,5.808,4.868,0.45,0.63,0.61,0.43,1.38,1.518,1.505,1.362,0.25,0.36,0.29,0.24,1.342,1.491,1.398,1.322,1,1,0,0,1,2,1,1,2.7,2.35,2.85,3.1,2.52,2.65,2.44,2.36,0.24,0.503,0.321,0.402,0,0,0,0,#,1.836,1.551,#,3.15,4.53,4.26,7.14,4.83,4.24,5.9,4.25,4.14,5.61,3.3,6.32,692.727,806.812,852,796.036,TRUE,FALSE,FALSE,TRUE,,,,,,,,,,,,,,,,,,,,,,VERB
fumble,govern,forego,defend,6,6,6,6,286,2022,431,15251,5.656,7.612,6.066,9.632,0.51,1.22,0.57,18.8,1.431,1.799,1.477,2.982,0.29,0.56,0.33,8.14,1.398,1.681,1.462,2.835,8,0,0,1,10,0,2,5,1.45,1.95,2.45,1.9,2.81,2.21,2.37,2.31,0.484,0.558,0.302,0.623,0,71,0,4862,1.903,1.727,1.967,1.958,2.95,4.52,4.89,6.3,4.52,3.91,4.33,4.55,4.15,4.91,5.32,6.64,725.8,761.9,919.318,685.258,TRUE,FALSE,FALSE,TRUE,6,332,5.805,0.78,1.613,0.35,1.477,6,6,1.65,3.47,0.595,11,1.568,3.7,5,4.67,noun|verb,689.968,,,VERB
ignore,assume,resume,dazzle,6,6,6,6,27790,42861,80442,253,10.232,10.666,11.295,5.533,18.65,33.47,5.69,1,2.979,3.232,2.464,1.716,9.19,15.57,2.85,0.51,2.888,3.116,2.38,1.643,0,1,0,1,0,0,0,4,2.25,2.4,1.9,1.95,2.22,1.75,4,2.52,0.569,0.616,0.575,0.292,853,4376,1444,0,2.078,2.012,1.958,1.549,3.33,4.41,4.89,6.46,3.8,4.2,3.67,4.96,4.83,6.21,5.04,5.88,601.667,572.839,588.364,654.968,TRUE,FALSE,FALSE,TRUE,,,,,,,,,,,,,,,,,,,,,,VERB
overdo,preach,desist,exceed,6,6,6,6,322,2490,637,674,5.775,7.82,6.457,6.513,1.61,2.39,0.96,1.14,1.919,2.09,1.699,1.771,0.87,0.98,0.46,0.62,1.869,1.919,1.602,1.724,0,2,2,10,1,5,3,10,2.65,1.85,1.95,1.65,2.19,3.37,,3.68,0.201,0.517,0.379,0.54,0,0,0,0,1.662,1.216,1.628,1.412,3.61,4.15,4.27,5.9,4.6,3.71,3.84,3.87,4.88,5.68,4.43,5.61,709.742,676.448,953.636,756.533,TRUE,FALSE,FALSE,TRUE,6,5032,8.524,1.25,1.813,0.69,1.771,1,1,2.15,1.76,0.575,1072,1.95,4.79,5.52,6.75,verb,745.206,,,VERB
withhold,postpone,escalate,rekindle,8,8,8,8,851,641,504,137,6.746,6.463,6.223,4.92,1.04,3.9,0.71,0.53,1.732,2.301,1.568,1.447,0.58,1.98,0.41,0.29,1.699,2.223,1.544,1.398,1,0,0,0,1,0,0,0,3.6,2.85,2.85,2.95,2.68,2.29,2.39,2.36,0.388,0.397,0.37,0.313,0,0,0,0,1.843,2.066,1.772,1.805,3.7,4.32,4.05,6.19,3.47,2.94,6.25,4.35,4.36,4.76,5.24,6.17,706.912,707.588,734.581,815.739,TRUE,FALSE,FALSE,TRUE,,,,,,,,,,,,,,,,,,,,,,VERB
endanger,reassign,grunting,envision,8,8,8,8,708,136,401,1204,6.562,4.913,5.994,7.093,1.67,0.53,5.08,0.53,1.935,1.447,2.415,1.447,0.97,0.3,1.57,0.32,1.914,1.415,2.124,1.447,0,0,1,0,0,1,4,3,2.9,2.85,1.95,2.45,1.96,2.38,3.21,2.38,0.393,0.219,0.242,0.337,0,0,0,0,1.836,#,1.504,#,2.67,4.75,4.43,6.14,4.72,3.67,3.87,3.76,3.95,4.94,5.85,6.64,798.562,910.515,695.76,706.719,TRUE,FALSE,FALSE,TRUE,,,,,,,,,,,,,,,,,,,,,,VERB
overload,vanquish,diminish,generate,8,8,8,8,2585,112,1295,16688,7.857,4.718,7.166,9.722,1.78,4.76,0.82,2.43,1.964,2.387,1.633,2.097,0.83,1.1,0.5,1.3,1.851,1.968,1.633,2.041,2,0,0,2,3,0,0,1,2.25,3.5,3,2.2,2.69,2.21,2.5,2.23,0.449,0.291,0.487,0.624,0,0,0,4157,1.619,#,2.117,1.969,3.64,4.72,4.05,6.14,4.96,5.05,3.87,4,4.79,5.29,5.05,5.45,603.667,792.303,683.853,678.219,TRUE,FALSE,FALSE,TRUE,,,,,,,,,,,,,,,,,,,,,,VERB
impair,vacate,devise,embark,6,6,6,6,441,198,1122,469,6.089,5.288,7.023,6.151,0.16,1.1,0.63,1.25,0.954,1.756,1.518,1.813,0.1,0.6,0.35,0.74,0.954,1.708,1.477,1.799,0,0,3,1,2,0,8,0,2.65,2.4,1.75,2.5,1.73,3.39,2,2.48,0.392,0.355,0.454,0.496,0,0,0,0,1.777,1.652,1.944,2.038,3.26,4.1,4.45,5.89,3.9,4.9,4.48,4.3,4.12,4.67,5.15,6.39,731.469,784.964,683.618,797.032,TRUE,FALSE,FALSE,TRUE,,,,,,,,,,,,,,,,,,,,,,VERB
evict,imply,incur,adapt,5,5,5,5,172,8977,1514,3389,5.147,9.102,7.323,8.128,0.71,2.69,0.55,2.63,1.568,2.14,1.462,2.13,0.42,1.45,0.33,1.2,1.556,2.09,1.462,2.009,1,1,0,2,1,1,4,2,2,1.8,2.1,1.95,3.18,1.86,2,2.41,0.349,0.577,0.421,0.568,0,1133,0,896,1.53,1.927,1.709,1.989,2.63,4.79,4.8,5.84,4.73,4,4,3.9,3.96,4.74,5.04,5.75,759.839,725.516,713.714,660.364,TRUE,FALSE,FALSE,TRUE,,,,,,,,,,,,,,,,,,,,,,VERB
terminate,reiterate,calculate,dignified,9,9,9,9,2922,1012,5720,610,7.98,6.92,8.652,6.413,2.75,0.65,2.08,2.69,2.149,1.532,2.029,2.14,1.38,0.37,1.01,1.37,2.068,1.505,1.935,2.064,1,0,0,2,1,0,0,2,2.45,2.7,2.75,3.3,2.29,2.48,2.74,1.57,0.551,0.254,0.57,0.408,1,0,340,0,1.626,1.939,1.618,1.881,3.05,4.9,4.89,6.55,4.95,3.62,3.18,3.48,3.25,6.2,6.39,6.25,704.938,991.852,637.879,716.406,TRUE,FALSE,FALSE,TRUE,,,,,,,,,,,,,,,,,,,,,,VERB
demolish,medicate,assemble,mobilize,8,8,8,8,406,83,2014,582,6.006,4.419,7.608,6.366,0.53,0.43,6.08,1.02,1.447,1.362,2.493,1.724,0.27,0.26,3.05,0.58,1.38,1.362,2.41,1.699,0,4,7,0,0,2,13,0,2.95,2.1,1.75,2.65,3.46,3.04,3.54,2.62,0.445,0.173,0.422,0.44,0,0,0,0,1.439,#,1.506,1.488,2.67,4.15,4.1,5.95,4.5,4.14,4.71,4.56,4.45,5.88,4,6.18,694.645,702.727,655.559,651.517,TRUE,FALSE,FALSE,TRUE,8,2537,7.839,3.2,2.215,1.53,2.111,1,0,2.5,3.67,0.55,3,1.97,5.14,3.52,6.28,verb,619.242,,,VERB
degrade,outrank,implore,educate,7,7,7,7,1194,105,182,4500,7.085,4.654,5.204,8.412,0.67,0.59,1.04,2.04,1.544,1.491,1.732,2.021,0.37,0.35,0.58,1.18,1.505,1.477,1.699,2,0,0,1,0,1,0,0,0,2.6,2.7,2.5,2.55,1.64,2.36,1.61,2.12,0.468,0.179,0.252,0.563,0,0,0,191,1.675,#,#,1.876,2.62,4.4,4.47,7.48,4.95,4.14,4.57,4.36,4.4,5.73,4.61,6.79,716,778.032,669.97,630.688,TRUE,FALSE,FALSE,TRUE,,,,,,,,,,,,,,,,,,,,,,VERB
forbid,incite,assign,extend,6,6,6,6,2766,542,6449,9373,7.925,6.295,8.772,9.146,8.55,0.41,2.71,6.41,2.64,1.342,2.143,2.516,4.41,0.23,1.44,3.56,2.569,1.301,2.086,2.477,2,2,0,2,2,7,3,2,2.1,2.05,2.35,2.25,1.96,2.47,2.86,2.93,0.479,0.393,0.549,0.631,0,0,2,5068,1.894,#,1.636,2.229,2.82,4.76,4.75,5.86,4.85,4.77,3.71,3.62,4.48,5.67,5.74,6,671.9,692.733,665.273,668.3,TRUE,FALSE,FALSE,TRUE,,,,,,,,,,,,,,,,,,,,,,VERB
teething,override,renounce,initiate,8,8,8,8,345,3086,775,3109,5.844,8.035,6.653,8.042,0.45,5.16,1.69,3.33,1.38,2.422,1.94,2.233,0.21,1.36,0.69,1.65,1.279,2.061,1.771,2.143,1,2,1,0,6,2,2,0,2.65,2.55,2.65,2.25,3.58,2.58,1.62,2.71,0.276,0.451,0.442,0.566,0,0,0,814,1.699,1.738,1.715,2.027,3.11,4.33,4.26,6.1,4.05,3.35,4.95,3.52,4.12,6,5.13,6.67,700.172,636.188,747.562,839.533,TRUE,FALSE,FALSE,TRUE,,,,,,,,,,,,,,,,,,,,,,VERB
sabotage,disperse,subtract,conserve,8,8,8,8,8830,548,1819,1201,9.086,6.306,7.506,7.091,6.61,1.78,0.55,0.86,2.529,1.964,1.462,1.653,3.29,0.79,0.31,0.49,2.442,1.826,1.431,1.623,1,1,0,0,1,1,0,2,1.95,2.4,3.05,2.65,2.89,2.85,3.82,1.96,0.652,0.467,0.369,0.499,6735,0,0,0,2.039,1.791,1.415,1.553,2.4,4.19,4.25,5.9,4.7,3.67,3.96,3.75,2.43,5.12,6.1,5.86,705.29,759.606,678.875,665.353,TRUE,FALSE,FALSE,TRUE,8,1055,6.961,3.86,2.297,1.82,2.188,0,0,3.3,2.77,0.556,40,1.769,2,5.15,3.64,noun,731.194,,,VERB
suffer,depose,mutter,aspire,6,6,6,6,11675,95,393,676,9.365,4.554,5.974,6.516,22.51,0.41,0.43,1.08,3.06,1.342,1.362,1.748,10.71,0.23,0.2,0.64,2.954,1.301,1.255,1.74,4,1,6,0,15,5,23,0,1.75,1.95,1.6,1.85,2.28,2.52,3.21,1.53,0.604,0.428,0.262,0.384,3257,0,0,0,1.998,#,1.668,1.798,2.05,4.2,4.4,6.43,4.5,4.3,3.67,3.68,3.32,5,5.57,6.85,681.242,742.625,674.29,647.156,TRUE,FALSE,FALSE,TRUE,,,,,,,,,,,,,,,,,,,,,,VERB
repossess,summarize,hitchhike,stabilize,9,9,9,9,26,3705,60,1063,3.258,8.217,4.094,6.969,0.39,0.39,0.94,1.49,1.322,1.322,1.69,1.887,0.23,0.23,0.48,0.8,1.301,1.301,1.613,1.833,0,0,0,0,0,1,0,0,3.25,3.2,4.35,2.8,2.77,2.32,3.44,2.72,0.197,0.367,0.201,0.537,0,0,0,0,#,1.556,#,1.657,3,4.89,4.74,5.86,4.33,2.8,5.05,3.87,4.2,6.4,4.57,5.62,846.821,701.594,817.853,692.844,TRUE,FALSE,FALSE,TRUE,,,,,,,,,,,,,,,,,,,,,,VERB
expire,hasten,dangle,cipher,6,6,6,6,2626,532,277,1323,7.873,6.277,5.624,7.188,0.9,0.73,1.33,1.49,1.672,1.58,1.839,1.887,0.55,0.38,0.62,0.42,1.672,1.518,1.724,1.556,2,1,7,0,1,8,7,7,2.05,1.85,1.65,1.95,2.73,2.22,3.36,3.58,0.424,0.309,0.228,0.492,0,0,0,0,1.671,2.06,1.624,1.43,3.16,4.9,4.76,5.71,4,3.86,4.25,4.55,3.8,5.33,3.95,5.53,641.03,790.966,751.345,750.947,TRUE,FALSE,FALSE,TRUE,,,,,,,,,,,,,,,,,,,,,,VERB
misfire,recheck,repaint,reclaim,7,7,7,7,191,255,391,851,5.252,5.541,5.969,6.746,0.41,0.53,0.45,1.39,1.342,1.447,1.38,1.857,0.19,0.3,0.25,0.74,1.23,1.415,1.342,1.799,0,0,2,1,0,0,1,1,2.65,2.9,2.2,2.65,3.31,2.08,4.08,1.76,0.228,0.2,0.306,0.515,0,0,0,0,#,#,#,1.784,2.63,4.95,4.62,5.55,4.64,4.95,3.35,4.52,3,5.38,6.18,5.77,756.571,1033.58,754.467,689.848,TRUE,FALSE,FALSE,TRUE,,,,,,,,,,,,,,,,,,,,,,VERB
obstruct,denounce,conclude,activate,8,8,8,8,306,889,5858,3486,5.724,6.79,8.676,8.157,0.59,0.86,2.49,4.67,1.491,1.653,2.107,2.378,0.3,0.41,1.37,1.91,1.415,1.544,2.064,2.207,0,1,0,0,0,1,0,0,2.75,2.65,2.55,2.6,2.46,1.83,1.78,2.97,0.367,0.419,0.571,0.557,0,0,1077,19,1.86,1.772,1.994,1.437,3.61,4.24,4.81,5.7,4.29,4.08,2.57,3.78,4.7,4,5.85,6.28,840.121,735.485,619.727,657.353,TRUE,FALSE,FALSE,TRUE,,,,,,,,,,,,,,,,,,,,,,VERB
deport,topple,unfold,evolve,6,6,6,6,261,262,583,3336,5.565,5.568,6.368,8.113,0.78,0.63,1.35,1.63,1.613,1.518,1.845,1.924,0.37,0.35,0.72,0.81,1.505,1.477,1.785,1.839,2,1,3,0,2,6,5,0,1.85,2.15,2.25,2.3,3.41,3.59,3.55,1.96,0.381,0.363,0.385,0.563,0,0,0,578,#,1.896,1.869,1.484,3.14,4.86,4.23,5.7,3.84,3.21,3.87,4.46,3.73,4.9,5.63,5.48,711.059,699.172,607.647,712.781,TRUE,FALSE,FALSE,TRUE,,,,,,,,,,,,,,,,,,,,,,VERB
retaliate,formulate,quadruple,reinforce,9,9,9,9,609,33354,391,1566,6.412,10.415,5.969,7.356,1.25,44.33,0.76,0.94,1.813,3.354,1.602,1.69,0.63,20.09,0.39,0.5,1.732,3.227,1.532,1.633,0,1,1,0,0,3,0,0,3,2.3,3.9,3.3,2.25,1.86,3.18,2.32,0.387,0.659,0.422,0.557,0,7126,0,42,1.85,2.197,1.924,1.977,3.55,4.61,4.79,5.53,5.05,3.95,4.24,3.96,4.58,4.61,5.05,4.94,859.548,707.176,864.241,756.31,TRUE,FALSE,FALSE,TRUE,9,1178,7.072,0.59,1.491,0.27,1.38,0,0,2.6,2.59,0.482,0,1.856,5.22,2.64,5.46,verb,793.097,,,VERB
disagree,restrain,prohibit,validate,8,8,8,8,25581,874,3665,1589,10.15,6.773,8.207,7.371,6.63,1.53,0.47,0.8,2.53,1.898,1.398,1.623,3.67,0.82,0.27,0.45,2.49,1.845,1.38,1.591,0,0,0,0,0,1,0,0,2.8,2.4,3.25,2.75,2.77,2.76,1.93,2.18,0.528,0.408,0.558,0.468,0,0,7,0,1.897,1.813,1.576,1.701,2.84,4.42,4.29,6.5,4.9,4.7,4.56,4.05,5.45,4.43,2.95,5.71,695.562,715.581,704.375,647.909,TRUE,FALSE,FALSE,TRUE,,,,,,,,,,,,,,,,,,,,,,VERB
interrupt,fornicate,lingering,resurrect,9,9,9,9,15428,28,738,475,9.644,3.332,6.604,6.163,18.73,0.49,0.88,0.71,2.981,1.415,1.663,1.568,10.12,0.26,0.48,0.39,2.929,1.362,1.613,1.532,0,0,1,0,0,0,1,0,3.2,3.55,2.6,3.25,3,3.46,1.85,2.64,0.521,0.221,0.437,0.421,0,0,0,0,1.727,#,1.776,1.843,3.26,4.67,4.95,6.41,4.36,5.43,4.48,4.76,3.93,5.62,4.41,4.27,692.853,735.9,725.387,882.217,TRUE,FALSE,FALSE,TRUE,,,,,,,,,,,,,,,,,,,,,,VERB
disrupt,inflate,possess,sweeten,7,7,7,7,1328,609,6915,270,7.191,6.412,8.841,5.598,1.27,0.49,5.49,0.78,1.819,1.415,2.449,1.613,0.7,0.26,2.69,0.46,1.778,1.362,2.356,1.602,0,1,2,1,0,1,0,6,2.75,2.4,2.1,2.3,2.45,3.34,2.6,3.62,0.548,0.335,0.61,0.214,0,0,3556,0,2.049,2.14,1.946,1.556,3.48,4.3,4.67,6.26,4.87,3.3,3.95,4.71,4.62,5.28,5.59,5.74,715.125,733,742.559,811.192,TRUE,FALSE,FALSE,TRUE,,,,,,,,,,,,,,,,,,,,,,VERB
despise,unscrew,confess,freshen,7,7,7,7,1416,303,2702,103,7.256,5.714,7.902,4.635,4.51,0.49,15.84,2.57,2.364,1.415,2.908,2.121,2.29,0.29,6.7,1.48,2.286,1.398,2.751,2.097,1,0,1,2,3,0,0,1,2.25,2.85,2.15,2.65,2.12,3.93,2.57,2.17,0.333,0.172,0.513,0.157,0,0,0,0,1.567,#,1.69,#,3.08,4.94,4.85,6.56,4.77,3.2,4.67,4.68,4.38,5.28,5.53,7.25,773.571,705.912,660.75,846.158,TRUE,FALSE,FALSE,TRUE,,,,,,,,,,,,,,,,,,,,,,VERB
spoil,mimic,outdo,yearn,5,5,5,5,1771,958,205,348,7.479,6.865,5.323,5.852,11.63,0.78,0.51,0.96,2.774,1.613,1.431,1.699,5.98,0.42,0.31,0.5,2.702,1.556,1.431,1.633,1,0,1,4,3,2,0,17,1.85,2.3,2.4,1.75,2.82,3.22,1.59,1.76,0.388,0.552,0.25,0.221,0,15,0,0,1.893,1.734,#,1.647,2.83,4.67,4.95,5.95,4.09,3.85,5.43,3.73,4.11,6.05,6.9,5.18,651.771,671.156,804.542,739.909,TRUE,FALSE,FALSE,TRUE,,,,,,,,,,,,,,,,,,,,,,VERB
overrun,retrace,outgrow,recycle,7,7,7,7,1658,492,288,1094,7.413,6.198,5.663,6.998,1.67,0.69,0.41,0.86,1.935,1.556,1.342,1.653,0.85,0.42,0.25,0.44,1.857,1.556,1.342,1.58,1,1,1,0,2,0,1,0,2.75,2.4,2.8,2.85,2.68,2.82,2.88,2.97,0.532,0.233,0.231,0.401,0,0,0,0,1.662,1.373,#,0.981,3.14,4.75,4.4,6.14,4.56,3.75,3.78,3.75,3.38,5.45,5.18,6.14,796.161,870.393,700.091,696.303,TRUE,FALSE,FALSE,TRUE,,,,,,,,,,,,,,,,,,,,,,VERB
confine,entitle,wrestle,cherish,7,7,7,7,754,385,952,661,6.625,5.953,6.859,6.494,0.98,0.43,3.45,4.45,1.708,1.362,2.248,2.358,0.58,0.24,1.53,1.93,1.699,1.322,2.111,2.212,1,0,1,0,3,0,9,5,1.85,2.5,2.15,2.7,3.07,2.25,4.33,1.73,0.351,0.286,0.503,0.348,0,0,0,0,2.027,1.517,1.957,1.764,3,4.89,4.53,6.75,3.96,4,4.55,4.14,3.83,6.38,5.81,7.32,692.194,785.844,731.344,682.188,TRUE,FALSE,FALSE,TRUE,,,,,,,,,,,,,,,,,,,,,,VERB
deprive,defrost,persist,publish,7,7,7,7,1086,310,1573,10307,6.99,5.737,7.361,9.241,1.31,0.41,1.2,5.1,1.833,1.342,1.792,2.417,0.76,0.23,0.73,2.01,1.813,1.301,1.792,2.23,1,0,0,0,1,0,0,2,2.2,2.75,2.5,2.6,2.21,3.9,2.59,3.26,0.373,0.173,0.518,0.6,0,0,0,3333,1.748,#,2.036,1.661,3.37,4.86,4.74,5.91,3.72,3.48,3.64,3.67,4.24,5.81,6.44,6.44,669.758,682.214,674.375,742.355,TRUE,FALSE,FALSE,TRUE,,,,,,,,,,,,,,,,,,,,,,VERB
displace,submerge,outweigh,recreate,8,8,8,8,369,200,944,1604,5.911,5.298,6.85,7.38,0.41,0.39,0.47,1.04,1.342,1.322,1.398,1.732,0.17,0.18,0.24,0.62,1.176,1.204,1.322,1.724,1,1,0,0,3,1,1,0,2.4,3,3.55,2.45,2.57,3.39,2.63,2.41,0.405,0.295,0.369,0.539,0,0,0,0,1.948,#,1.797,1.865,2.89,4.47,4.19,6,3.8,4.14,3.95,3.65,4.65,4.82,5.33,5.77,723.733,683.207,807.312,722.394,TRUE,FALSE,FALSE,TRUE,,,,,,,,,,,,,,,,,,,,,,VERB
disown,dawdle,depict,gather,6,6,6,6,262,40,707,7255,5.568,3.689,6.561,8.889,0.41,0.59,0.53,15.67,1.342,1.491,1.447,2.903,0.23,0.35,0.29,8.04,1.301,1.477,1.398,2.829,0,1,0,4,1,5,0,5,2.65,2.35,2.2,1.8,1.56,2.22,2.13,2.75,0.239,0.223,0.567,0.605,0,0,704,3678,#,#,1.692,2.007,2.29,4.77,4.74,5.72,4.54,3.29,3.88,3.7,3.64,4.86,5.71,6.16,843.05,758.269,753.903,643.226,TRUE,FALSE,FALSE,TRUE,,,,,,,,,,,,,,,,,,,,,,VERB
grieve,peddle,flutter,behave,6,6,6,6,571,392,334,5743,6.347,5.971,5.811,8.656,2.2,1.06,1.61,16.24,2.053,1.74,1.919,2.919,1.11,0.62,0.69,7.77,1.973,1.724,1.771,2.815,0,4,8,1,14,18,7,1,2.3,1.7,1.55,2.15,2.41,4.04,3.11,1.78,0.342,0.2,0.187,0.553,0,0,0,6,1.378,1.513,1.674,1.796,2.8,4.89,4.33,6.25,4.56,3.52,4.3,3.72,3.38,5.22,4.53,7.05,694.273,742.222,915.261,699.125,TRUE,FALSE,FALSE,TRUE,7,334,5.811,0.86,1.653,0.46,1.602,3,4,1.85,3.4,0.361,0,1.726,5.7,4.86,5.37,noun|verb,648.364,,,VERB
drone,rebel,flyer,cello,5,5,5,5,868,8135,3563,1453,6.766,9.004,8.178,7.281,2.82,5.35,3.39,1.86,2.161,2.438,2.24,1.982,0.64,1.98,1.42,0.48,1.74,2.223,2.079,1.613,5,2,4,4,12,6,5,5,1.75,1.8,1.8,1.8,3.93,3.07,4.19,4.96,0.49,0.608,0.52,0.572,0,4052,0,44,1.491,1.48,1.496,0.759,3.5,4.37,4.95,5.75,4.3,5.29,3.76,3.83,4.89,5.2,5.4,6.41,909.852,644.767,573.935,730.263,TRUE,FALSE,FALSE,TRUE,,,,,,,,,,,,,,,,,,,,,,NOUN
masochist,hierarchy,affidavit,milkshake,9,9,9,9,416,13677,743,129,6.031,9.523,6.611,4.86,0.63,0.63,1.96,0.82,1.518,1.518,2.004,1.633,0.26,0.33,0.76,0.43,1.362,1.462,1.813,1.568,1,1,0,0,0,0,0,0,3.8,3.9,4.7,3.95,2.73,2.59,4,4.97,0.191,0.591,0.416,0.281,0,2454,0,0,#,1.614,0.885,#,3.39,4.95,4.38,7.26,4.77,4.11,3.73,4.05,4.45,3.84,4.04,6,935.143,753.265,925.938,699.147,TRUE,FALSE,FALSE,TRUE,,,,,,,,,,,,,,,,,,,,,,NOUN
influenza,artillery,synagogue,starlight,9,9,9,9,763,5024,889,494,6.637,8.522,6.79,6.203,0.49,5.49,0.96,1.59,1.415,2.449,1.699,1.914,0.21,1.99,0.37,0.55,1.279,2.225,1.505,1.672,0,0,0,0,0,0,0,2,3.75,3.6,4.3,2.95,3.79,4.31,4.54,4.34,0.568,0.605,0.565,0.422,1,3393,356,0,1.476,1.148,1.074,1.318,2.86,4.1,4.85,7.68,4.91,4.56,2.56,4.91,2.76,4.64,4.64,5,799.857,766.871,784.071,700.515,TRUE,FALSE,FALSE,TRUE,,,,,,,,,,,,,,,,,,,,,,NOUN
congress,taxpayer,houseboy,relation,8,8,8,8,42314,2245,60,8066,10.653,7.716,4.094,8.995,8.22,0.57,0.71,4.12,2.623,1.477,1.568,2.324,2.81,0.33,0.23,1.97,2.375,1.462,1.301,2.22,0,0,0,0,0,0,0,0,2.7,3.65,3.15,1.9,3.9,4.14,4.26,2.11,0.644,0.585,0.172,0.646,6031,1,0,6243,1.427,1.331,#,1.955,3.55,4.05,4.2,5.84,3.61,2.96,3.06,4.36,3.48,5.06,4.23,5.75,644.03,627.765,720.656,786.969,TRUE,FALSE,FALSE,TRUE,,,,,,,,,,,,,,,,,,,,,,NOUN
dread,quota,graft,bliss,5,5,5,5,98,1013,4196,471,4.585,6.921,8.342,6.155,0.45,0.92,22.96,1,1.38,1.681,3.069,1.716,0.2,0.5,9.94,0.07,1.255,1.633,2.922,0.845,1,1,3,0,2,1,8,3,1.95,2.2,1.8,2.55,3.93,2.96,3.89,4.37,0.297,0.428,0.571,0.331,0,0,830,0,#,#,1.64,0.957,3.48,4.63,4.45,5.55,4,3.48,5.27,3.87,4.14,4.74,5.42,6.19,687.966,747.125,564.03,739.259,TRUE,FALSE,FALSE,TRUE,,,,,,,,,,,,,,,,,,,,,,NOUN
tobacco,herring,dossier,heiress,7,7,7,7,5750,1457,481,127,8.657,7.284,6.176,4.844,6.98,2.98,1.1,1.14,2.553,2.185,1.756,1.771,2.55,0.81,0.51,0.48,2.332,1.839,1.643,1.613,0,2,3,0,0,20,0,5,3.7,1.9,2.9,2.5,4.88,4.68,4.21,3.89,0.603,0.544,0.378,0.562,3691,0,0,4,1.417,1.481,1.624,1.221,3.37,4.9,4.84,5.68,5,3.35,3.72,4.6,4.13,5.18,5.38,5.42,644.706,878.2,943.857,702.227,TRUE,FALSE,FALSE,TRUE,,,,,,,,,,,,,,,,,,,,,,NOUN
embolism,clarinet,uprising,ancestry,8,8,8,8,68,1634,1006,1972,4.22,7.399,6.914,7.587,0.65,1.57,1.16,0.47,1.532,1.909,1.778,1.398,0.33,0.43,0.51,0.26,1.462,1.568,1.643,1.362,0,0,0,0,0,0,1,0,3.25,2.95,2.6,3.3,2.89,4.92,2.41,2.83,0.478,0.573,0.581,0.572,0,23,1357,1038,#,0.723,1.356,1.661,2.14,4.74,4.33,6.29,4.17,3.06,5.65,3.71,4.05,5.06,5,4.16,964.385,802.355,793.25,721.188,TRUE,FALSE,FALSE,TRUE,,,,,,,,,,,,,,,,,,,,,,NOUN
hearse,tassel,raider,faucet,6,6,6,6,160,42,745,439,5.075,3.738,6.613,6.084,1.59,0.53,0.65,1.43,1.914,1.447,1.532,1.869,0.63,0.2,0.18,0.68,1.732,1.255,1.204,1.763,2,0,2,0,18,10,26,1,1.9,1.95,1.8,2.25,4.85,4.73,3.3,4.48,0.314,0.27,0.5,0.25,0,0,0,0,1.306,#,1.441,#,2.78,4.95,4.43,5.55,3.64,4.78,4.4,3.53,3.21,5.32,4.37,6.31,805.217,810.207,722.062,663.484,TRUE,FALSE,FALSE,TRUE,,,,,,,,,,,,,,,,,,,,,,NOUN
vagabond,darkroom,huntress,daybreak,8,8,8,8,371,652,191,125,5.916,6.48,5.252,4.828,0.49,0.86,0.39,1.37,1.415,1.653,1.322,1.851,0.25,0.32,0.11,0.66,1.342,1.447,1,1.748,0,0,0,0,0,0,0,0,3.85,3.3,2.8,3.65,3.8,4.45,4.12,4.21,0.329,0.344,0.336,0.406,0,0,0,0,#,0.997,#,#,3.32,4.9,4.61,7.16,4.55,3.61,4.16,3.95,3.83,5.76,5.48,5.3,758.565,646.091,775.615,617.125,TRUE,FALSE,FALSE,TRUE,,,,,,,,,,,,,,,,,,,,,,NOUN
mongrel,rustler,sawmill,bonfire,7,7,7,7,142,16,241,291,4.956,2.773,5.485,5.673,0.86,0.49,0.41,1.75,1.653,1.415,1.342,1.954,0.46,0.15,0.18,0.7,1.602,1.146,1.204,1.778,0,4,0,0,0,4,0,0,2.8,1.8,2.95,2.7,3.8,3.88,4.74,4.83,0.235,0.202,0.543,0.41,0,0,0,0,1.162,#,#,1.698,3.47,4.21,4.57,6.53,4.5,4.5,4.9,4.67,3.46,4.33,4.72,5.35,899.458,747.32,866.821,691.2,TRUE,FALSE,FALSE,TRUE,,,,,,,,,,,,,,,,,,,,,,NOUN
deathbed,supplier,doornail,knickers,8,8,8,8,346,5912,40,457,5.846,8.685,3.689,6.125,1.33,1.94,0.71,1.27,1.839,2,1.568,1.819,0.74,0.91,0.33,0.68,1.799,1.887,1.462,1.763,0,2,0,3,0,2,0,15,3,2.6,3.4,2.7,3.83,3.41,4.9,4.54,0.453,0.565,0.265,0.271,0,467,0,0,1.459,1.479,#,1.275,1.79,4.84,4.68,5.74,4.05,3.45,3.32,3.7,2.96,5.04,5,4.09,770.806,746.853,885.963,750.267,TRUE,FALSE,FALSE,TRUE,,,,,,,,,,,,,,,,,,,,,,NOUN
taker,molar,brink,getup,5,5,5,5,659,522,1291,32,6.491,6.258,7.163,3.466,0.9,0.51,2.49,0.84,1.672,1.431,2.107,1.643,0.43,0.25,1.31,0.49,1.568,1.342,2.045,1.623,7,4,8,2,15,18,6,2,1.5,1.75,1.65,2.6,2.3,4.83,2.48,2.73,0.333,0.446,0.456,0.179,0,0,0,0,1.669,0.785,1.989,#,3.17,4.73,4.95,5.53,3.82,3.54,4.22,4.36,3.7,5.12,4.53,5.68,683.941,802.8,629.759,671.824,TRUE,FALSE,FALSE,TRUE,,,,,,,,,,,,,,,,,,,,,,NOUN
depravity,checkbook,diagnosis,commodity,9,9,9,9,306,454,4182,2552,5.724,6.118,8.339,7.845,0.67,2.35,4.29,1.65,1.544,2.083,2.342,1.929,0.37,1.04,1.9,0.88,1.505,1.944,2.204,1.875,0,0,1,0,0,0,1,0,3.65,3.7,3.35,3.4,2.17,4.97,2.63,2.91,0.319,0.177,0.581,0.565,0,0,1369,414,1.442,#,1.319,1.607,3.05,4.86,4.62,5.86,4.36,4.29,4,3.75,3.89,5.86,3.55,5.38,844.48,660.875,721.633,796.467,TRUE,FALSE,FALSE,TRUE,,,,,,,,,,,,,,,,,,,,,,NOUN
hypocrisy,backboard,pregnancy,confidant,9,9,9,9,2065,112,8664,176,7.633,4.718,9.067,5.17,1.65,0.47,6.55,0.61,1.929,1.398,2.525,1.505,0.77,0.29,2.62,0.33,1.819,1.398,2.344,1.462,0,1,0,1,0,1,0,0,4.35,2.8,3.65,2.9,2,4.93,4.31,3.03,0.44,0.226,0.58,0.428,0,0,1687,0,1.613,#,1.133,1.766,2.62,4.7,4.79,7.15,3.96,3.41,5,4.25,4.35,5.47,4.56,6.82,732.308,766.467,676.625,788.962,TRUE,FALSE,FALSE,TRUE,,,,,,,,,,,,,,,,,,,,,,NOUN
offender,blizzard,outsider,ballroom,8,8,8,8,1230,2102,943,1587,7.115,7.651,6.849,7.37,2.75,1.94,2.37,4.31,2.149,2,2.086,2.344,1.2,0.76,1.16,1.5,2.009,1.813,1.991,2.104,1,0,2,0,0,0,1,0,2.4,3.4,2.65,2.95,3.88,4.68,2.33,4.7,0.534,0.514,0.497,0.561,0,0,0,56,1.014,1.263,1.878,1.453,3.25,4.36,4.3,5.75,4.52,6.53,3.52,4.27,3.86,3.65,5.17,5.67,679.355,632.8,626.429,655.781,TRUE,FALSE,FALSE,TRUE,,,,,,,,,,,,,,,,,,,,,,NOUN
dimwit,mosque,petrol,bonsai,6,6,6,6,157,1787,890,1800,5.056,7.488,6.791,7.496,0.75,1.18,1.57,0.98,1.591,1.785,1.909,1.708,0.37,0.3,0.58,0.14,1.505,1.415,1.699,1.114,0,1,2,0,0,8,0,0,2.85,2.65,2.5,3,2.56,4.54,4.29,4.03,0.159,0.572,0.568,0.349,0,968,24,0,#,1.16,1.204,#,3.48,4.11,4.52,6.38,3.5,3,4.04,4.1,3.95,4.04,4.55,5.95,939.842,834.929,825.04,805.136,TRUE,FALSE,FALSE,TRUE,,,,,,,,,,,,,,,,,,,,,,NOUN
recession,precipice,consulate,cafeteria,9,9,9,9,2223,147,2010,878,7.707,4.99,7.606,6.778,0.45,0.49,4.88,5.67,1.38,1.415,2.398,2.462,0.26,0.26,0.93,2.6,1.362,1.362,1.898,2.34,1,0,0,0,1,0,0,0,2.4,3.65,2.6,3.7,2.42,,3.6,4.71,0.562,0.294,0.553,0.55,11,0,1,1,1.53,1.477,1.507,1.624,2.68,4.58,4.53,5.68,4.7,4.14,2.5,4.08,3,3.79,4.68,5.36,737.029,909.231,834.31,768.794,TRUE,FALSE,FALSE,TRUE,,,,,,,,,,,,,,,,,,,,,,NOUN
relapse,texture,voltage,dignity,7,7,7,7,402,1664,396,3149,5.996,7.417,5.981,8.055,0.92,6.45,1.1,10.8,1.681,2.518,1.756,2.742,0.45,2.71,0.52,4.98,1.591,2.358,1.653,2.622,0,2,4,1,1,4,1,0,2.65,2.6,2.1,2.55,2.21,4.93,3.15,2.03,0.434,0.508,0.421,0.566,0,0,0,580,1.193,1.176,#,1.855,2.91,4.74,4.67,7.2,4.05,3.39,4.96,3.71,3.62,5.69,5.88,6.85,771.633,654.719,682.781,740.625,TRUE,FALSE,FALSE,TRUE,,,,,,,,,,,,,,,,,,,,,,NOUN
cemetery,wormwood,turnpike,ambrosia,8,8,8,8,1475,1187,975,486,7.296,7.079,6.882,6.186,8.69,0.45,0.92,0.96,2.647,1.38,1.681,1.699,3.25,0.12,0.48,0.31,2.438,1.041,1.613,1.431,0,0,0,0,1,0,0,1,3.1,3.5,3.35,3.5,4.93,4.44,4.38,,0.605,0.315,0.577,0.279,3142,0,41,0,1.497,1.227,0.975,#,3.49,4.38,4.89,5.95,4.1,3.36,3.55,4.05,3.82,4.48,4.76,5.67,776.581,755.5,778.382,775.393,TRUE,FALSE,FALSE,TRUE,,,,,,,,,,,,,,,,,,,,,,NOUN
stain,fryer,nylon,charm,5,5,5,5,66,200,2223,334,4.19,5.298,7.707,5.811,1.53,0.65,1.35,1.29,1.898,1.532,1.845,1.826,0.87,0.3,0.68,0.24,1.869,1.415,1.763,1.322,3,4,1,5,5,12,1,5,1.8,1.8,2.35,1.85,2.12,4.5,4.7,4.73,0.181,0.322,0.515,0.361,0,0,0,0,#,1.468,1.294,#,2.91,4.89,4.9,5.65,4.65,4.3,3.61,4.25,3,5.39,5.19,4.8,792.188,674.2,645.75,844.318,TRUE,FALSE,FALSE,TRUE,,,,,,,,,,,,,,,,,,,,,,NOUN
bunion,urchin,bucket,icebox,6,6,6,6,8,244,44,40,2.079,5.497,3.784,3.689,0.69,0.43,0.55,2.43,1.556,1.362,1.462,2.097,0.27,0.23,0.21,1.04,1.38,1.301,1.279,1.944,0,0,7,0,2,5,16,0,2.2,2.8,1.65,3,4.64,4.25,3.75,4.71,0.168,0.311,0.154,0.168,0,0,0,0,#,1.425,#,#,3.48,4.73,4.7,5.67,4.11,4,3.96,3.39,4.19,4.68,5,4.91,778.947,767.833,735.448,607.606,TRUE,FALSE,FALSE,TRUE,,,,,,,,,,,,,,,,,,,,,,NOUN
grief,hooky,triad,doggy,5,5,5,5,3903,38,1435,669,8.27,3.638,7.269,6.506,10.82,0.84,3.43,4.41,2.743,1.643,2.245,2.354,5.36,0.44,0.74,1.84,2.654,1.58,1.799,2.19,1,5,3,6,14,11,1,4,1.95,1.8,1.85,1.9,2.7,2.29,,4.26,0.562,0.216,0.493,0.298,177,0,0,0,1.514,#,1.525,1.046,2.33,4.4,4.32,7,4.95,4.24,4.45,4.79,3.26,4.56,5.25,5.48,611.147,863.75,812.08,783.036,TRUE,FALSE,FALSE,TRUE,,,,,,,,,,,,,,,,,,,,,,NOUN
bacteria,specimen,artifact,skylight,8,8,8,8,4641,943,759,151,8.443,6.849,6.632,5.017,3.04,4.75,1.02,0.84,2.193,2.386,1.724,1.643,1.19,2.09,0.46,0.42,2.004,2.245,1.602,1.556,0,0,0,0,0,0,0,1,2.8,3.05,3.75,2.75,4.14,4.45,4.79,4.79,0.582,0.56,0.574,0.374,863,321,43,0,1.153,1.523,0.606,1.302,3.3,4.4,4.5,6.8,4.24,3.24,3.06,3.95,3.44,4.84,5.04,5.5,649.323,706.235,722.583,621.853,TRUE,FALSE,FALSE,TRUE,,,,,,,,,,,,,,,,,,,,,,NOUN
coroner,pursuit,breeder,bathtub,7,7,7,7,269,4546,4110,988,5.595,8.422,8.321,6.896,8.98,7.04,0.78,6.1,2.662,2.556,1.613,2.494,3.83,3.36,0.26,2.67,2.508,2.452,1.362,2.352,1,0,1,0,2,3,5,0,2.15,2.6,2.2,3.2,4.34,2.92,3.13,4.92,0.492,0.615,0.447,0.409,0,4698,0,0,1.009,1.993,1.166,#,3,4.79,4.71,6.26,3.61,5.67,3.79,3.63,3.28,5.46,5.3,5.91,782.586,694.147,753.576,668.781,TRUE,FALSE,FALSE,TRUE,,,,,,,,,,,,,,,,,,,,,,NOUN
asthma,piston,goblet,recess,6,6,6,6,1711,1113,268,511,7.445,7.015,5.591,6.236,3.86,1.18,1.29,3.49,2.297,1.785,1.826,2.253,1.49,0.29,0.35,1.51,2.1,1.398,1.477,2.107,0,2,0,0,1,1,5,2,3,2,2.4,2,3.71,4.81,4.76,3.07,0.554,0.569,0.359,0.431,3,56,0,0,1.384,1.001,1.308,1.626,2.45,4.57,4.23,6.57,4.5,4.85,4.13,4.15,3.54,5.55,5.21,5.32,732,832.143,859.778,730.147,TRUE,FALSE,FALSE,TRUE,,,,,,,,,,,,,,,,,,,,,,NOUN
nutcase,brigade,dustpan,barkeep,7,7,7,7,243,4194,10,108,5.493,8.341,2.303,4.682,1.31,3.2,0.25,0.98,1.833,2.215,1.146,1.708,0.64,1.29,0.12,0.52,1.74,2.037,1.041,1.653,0,0,1,0,1,0,0,0,2.8,2.65,2.95,2.95,2.93,4.3,5,4.22,0.203,0.602,0.217,0.166,0,3154,0,0,#,1.496,#,#,2.81,4.43,4.67,5.7,3.76,4.44,2.86,3.71,3.36,5.59,5.36,5.54,775.909,822.143,807.259,907.4,TRUE,FALSE,FALSE,TRUE,,,,,,,,,,,,,,,,,,,,,,NOUN
blues,quilt,quota,hubby,5,5,5,5,12589,49,2987,846,9.441,3.892,8.002,6.741,10.25,0.88,1.86,1,2.719,1.663,1.982,1.716,3.81,0.46,0.91,0.52,2.506,1.602,1.887,1.653,6,4,1,4,16,11,0,7,1.9,1.9,2.45,1.8,2.31,,2.89,4.27,0.629,0.188,0.517,0.159,5220,0,0,0,1.354,#,1.599,#,3.43,4.33,4.1,5.62,3.61,5.42,4.09,4.32,5.44,4.81,5.89,5.29,569.171,733.611,718.781,775.083,TRUE,FALSE,FALSE,TRUE,,,,,,,,,,,,,,,,,,,,,,NOUN
leech,latch,saber,genre,5,5,5,5,1532,195,2446,4639,7.334,5.273,7.802,8.442,1.75,1.24,0.8,1.06,1.954,1.806,1.623,1.74,0.6,0.6,0.39,0.48,1.708,1.708,1.532,1.613,3,3,6,1,28,7,15,0,1.9,1.9,1.8,1.85,4.33,2.54,4.21,2.37,0.404,0.159,0.463,0.622,0,0,0,4842,1.616,#,#,1.241,2.43,4.4,4.5,6,4.09,6.05,4.48,3.59,4.5,4.27,5.61,5,728.333,738.68,843.875,796.935,TRUE,FALSE,FALSE,TRUE,,,,,,,,,,,,,,,,,,,,,,NOUN
annoyance,adversity,statesman,physicist,9,9,9,9,1402,321,510,3270,7.246,5.771,6.234,8.093,0.49,1.06,0.61,1.35,1.415,1.74,1.505,1.845,0.29,0.57,0.32,0.63,1.398,1.69,1.447,1.732,0,0,1,0,0,0,0,0,3.2,3,3.2,3.35,2.14,1.44,3.76,4.26,0.439,0.37,0.558,0.562,0,0,32,40,1.596,1.813,1.688,1.109,2.95,4.26,4.58,5.9,4.1,3.82,2.89,3.41,3.45,4.63,4.92,5.7,757.097,752.375,722.344,783.733,TRUE,FALSE,FALSE,TRUE,,,,,,,,,,,,,,,,,,,,,,NOUN
sludge,squire,locker,savior,6,6,6,6,645,1681,1871,1682,6.469,7.427,7.534,7.428,0.47,3.08,15.98,3.39,1.398,2.199,2.912,2.24,0.27,0.42,5.85,1.6,1.38,1.556,2.692,2.13,2,3,7,0,8,2,20,0,1.9,1.75,1.75,2.5,4.23,4.16,4.67,3.04,0.439,0.539,0.583,0.488,0,0,1,0,1.194,1.525,1.368,#,2.95,4.67,4.79,6.59,4.38,3.48,3.35,4.37,4.33,5.04,6.35,5.23,755.688,800.357,693.516,681.531,TRUE,FALSE,FALSE,TRUE,,,,,,,,,,,,,,,,,,,,,,NOUN
arsenic,battery,crevice,tropics,7,7,7,7,453,27473,307,389,6.116,10.221,5.727,5.964,1.24,12.41,0.41,0.78,1.806,2.802,1.342,1.613,0.37,4.76,0.23,0.41,1.505,2.602,1.301,1.544,0,2,0,0,0,0,0,1,2.95,1.85,2.7,2.55,4.29,4.67,4.43,4.08,0.52,0.618,0.3,0.502,0,4426,0,0,1.297,1.599,1.469,1.148,3,4.26,4.67,7.05,4.7,3.95,4.58,4.74,3.46,4.35,4.62,6.19,855.424,600.455,840.6,708.219,TRUE,FALSE,FALSE,TRUE,,,,,,,,,,,,,,,,,,,,,,NOUN
enema,briar,alley,whale,5,5,5,5,805,201,3011,2271,6.691,5.303,8.01,7.728,1.41,0.76,16.29,11.25,1.863,1.602,2.92,2.76,0.62,0.29,6.7,2.75,1.724,1.398,2.751,2.365,2,2,4,3,1,7,21,5,2.5,1.9,1.65,1.75,4.44,4.44,4.82,4.96,0.258,0.34,0.579,0.573,0,0,1840,1373,0.746,1.571,1.506,1.148,3.29,4.95,4.17,5.81,4.13,4,4.08,4.2,3.2,4.58,4.63,5.57,934.261,783.913,644.333,649.914,TRUE,FALSE,FALSE,TRUE,,,,,,,,,,,,,,,,,,,,,,NOUN
headstone,temptress,sphincter,ownership,9,9,9,9,284,97,503,9721,5.649,4.575,6.221,9.182,1,0.45,1.12,2.27,1.716,1.38,1.763,2.068,0.42,0.24,0.42,1.13,1.556,1.322,1.556,1.982,0,0,0,0,1,0,0,0,3.05,3.1,3.35,3.65,4.39,3.08,4.54,2.42,0.381,0.222,0.342,0.643,0,0,0,6373,1.315,#,0.532,1.654,2.45,4.68,4.37,5.85,4.18,5.43,4,4.41,3.6,4.42,4.11,7.53,731.848,845.069,840.81,760.233,TRUE,FALSE,FALSE,TRUE,,,,,,,,,,,,,,,,,,,,,,NOUN
methane,anagram,platoon,Frisbee,7,7,7,7,574,717,622,647,6.353,6.575,6.433,6.472,1.14,0.51,7.22,1.86,1.771,1.431,2.567,1.982,0.44,0.24,1.47,0.69,1.58,1.322,2.093,1.771,0,0,0,0,0,0,0,0,2.9,3.25,2.65,3,4.32,3.63,4.48,4.7,0.57,0.321,0.569,0.39,9,0,176,0,1.084,#,0.856,#,3.48,4.37,4.65,6.35,3.73,3.86,4.28,3.33,4.37,4.83,4.54,6.14,764.034,802.345,720.2,785.037,TRUE,FALSE,FALSE,TRUE,,,,,,,,,,,,,,,,,,,,,,NOUN
busybody,gasoline,thruster,literacy,8,8,8,8,55,3130,177,2135,4.007,8.049,5.176,7.666,0.61,6.53,0.51,0.49,1.505,2.524,1.431,1.415,0.33,2.6,0.24,0.29,1.462,2.34,1.322,1.398,0,0,0,1,0,1,1,1,3.85,2.9,2.8,2.7,2.96,4.72,,2.04,0.188,0.57,0.406,0.57,0,904,0,666,#,1.479,#,1.313,3.68,4.63,4.56,7.55,4.34,4.57,4.7,3.95,5.61,3.63,4.94,6.36,840.188,675.125,812.458,630.848,TRUE,FALSE,FALSE,TRUE,,,,,,,,,,,,,,,,,,,,,,NOUN
gangland,airstrip,outreach,bookshop,8,8,8,8,66,173,1439,715,4.19,5.153,7.272,6.572,0.53,1.12,0.47,0.8,1.447,1.763,1.398,1.623,0.25,0.48,0.24,0.29,1.342,1.613,1.322,1.398,0,0,0,0,0,0,0,0,2.85,3.45,3,3.45,3.4,4.68,2.57,4.84,0.323,0.516,0.573,0.416,0,0,758,0,#,1.143,1.304,1.273,3.24,4.76,4.94,6.7,4.26,3.83,3.95,4.22,3.83,5.1,5.74,7,809.625,954.069,723.387,615.188,TRUE,FALSE,FALSE,TRUE,,,,,,,,,,,,,,,,,,,,,,NOUN
copycat,fissure,implant,hygiene,7,7,7,7,221,1141,1315,945,5.398,7.04,7.182,6.851,0.86,0.43,2.14,2.12,1.653,1.362,2.041,2.037,0.37,0.19,0.94,1.17,1.505,1.23,1.903,1.996,0,0,0,0,0,5,0,0,3.25,2.7,2.75,3.35,3.65,3.83,4.31,3.11,0.305,0.364,0.472,0.561,0,0,0,7,#,1.198,1.575,1.411,3.33,4.3,4.39,6.38,4.62,4.18,4.15,4.63,4.67,4.59,4.08,7,766.167,782.667,731.161,901.433,TRUE,FALSE,FALSE,TRUE,,,,,,,,,,,,,,,,,,,,,,NOUN
botulism,ulterior,castaway,adoption,8,8,8,8,171,402,41,8651,5.142,5.996,3.714,9.065,0.55,0.9,0.63,4.69,1.462,1.672,1.518,2.38,0.26,0.5,0.11,1.67,1.362,1.633,1,2.149,0,0,0,0,0,0,0,0,3.35,3.2,3.3,2.75,3.52,1.44,3.48,3.03,0.329,0.323,0.275,0.615,0,0,0,4270,#,1.687,#,1.87,3.4,4.29,4.1,6.68,4.57,4.71,3.35,4.82,3.3,4.32,4.05,5.62,879.625,955.462,707.71,687.848,TRUE,FALSE,FALSE,TRUE,,,,,,,,,,,,,,,,,,,,,,NOUN
vandalism,charlatan,regulator,tradition,9,9,9,9,501,248,2030,13864,6.217,5.513,7.616,9.537,1.55,0.86,0.8,13.67,1.903,1.653,1.623,2.844,0.82,0.45,0.37,6.25,1.845,1.591,1.505,2.72,0,0,0,0,0,0,0,1,3.3,3.65,2.8,2.55,3.47,,3.43,1.69,0.489,0.236,0.53,0.664,0,0,0,7527,1.542,#,1.474,1.822,1.9,4.18,4.9,6.09,4.67,4.72,3.79,4.61,3.45,4.48,5.69,6.37,799.323,964.105,714.118,697.323,TRUE,FALSE,FALSE,TRUE,,,,,,,,,,,,,,,,,,,,,,NOUN
failure,thicket,regatta,fantasy,7,7,7,7,18,3363,399,2269,2.89,8.121,5.989,7.727,0.49,0.47,0.55,1.33,1.415,1.398,1.462,1.839,0.26,0.21,0.13,0.64,1.362,1.279,1.079,1.74,0,2,0,0,0,1,0,0,3.35,1.85,2.85,2.6,3.27,4.26,,2.67,0.19,0.324,0.496,0.575,0,0,0,1077,#,1.237,1.025,1.121,3.4,4.33,4.9,6,4.35,3.25,3.26,4.26,4.32,4.45,5.1,5.35,952.862,827.318,838.182,701.517,TRUE,FALSE,FALSE,TRUE,,,,,,,,,,,,,,,,,,,,,,NOUN
landlord,collagen,turnover,sheepdog,8,8,8,8,1115,331,1264,684,7.017,5.802,7.142,6.528,5.33,0.76,0.59,0.53,2.436,1.602,1.491,1.447,2.23,0.38,0.3,0.18,2.274,1.518,1.415,1.204,0,1,0,0,0,0,0,0,3,2.55,3,3.7,4.66,3.67,3.45,4.72,0.548,0.535,0.548,0.282,1,0,1,0,1.05,0.91,1.309,#,3.5,4.26,4.84,6.4,3.95,3.8,4.14,3.91,4.64,4.8,5.26,5.37,657.531,864.318,591.545,727.686,TRUE,FALSE,FALSE,TRUE,,,,,,,,,,,,,,,,,,,,,,NOUN
spittoon,scullery,mongoose,tomatoes,8,8,8,8,32,21,363,2088,3.466,3.045,5.894,7.644,0.41,0.41,0.65,4.31,1.342,1.342,1.532,2.344,0.21,0.15,0.24,1.81,1.279,1.146,1.322,2.185,0,1,0,0,0,0,0,0,3.65,2.95,3.4,3.1,4.7,,4.89,,0.176,0.218,0.366,0.522,0,0,0,0,#,1.184,#,0.992,3.39,4.47,4.95,6.25,3.95,3.53,3.55,3.82,4.72,3.91,4.23,5.42,761.333,919.81,755.593,692.323,TRUE,FALSE,FALSE,TRUE,,,,,,,,,,,,,,,,,,,,,,NOUN
prisoner,showdown,reaction,increase,8,8,8,8,4485,1104,16706,43670,8.408,7.007,9.724,10.684,23.14,1.25,16.27,8.55,3.072,1.813,2.92,2.64,7.52,0.68,7.78,4.42,2.801,1.763,2.816,2.571,1,0,0,0,1,2,0,0,2.75,3.15,2,2.65,4.11,3.21,2.41,2.61,0.613,0.535,0.648,0.666,4406,0,6616,6938,1.386,1.343,1.962,2.04,2.67,4.68,4.68,5.9,5,5.55,3.95,5.06,2.41,5.08,6.3,6.09,675.455,638.839,610.303,580.394,TRUE,FALSE,FALSE,TRUE,,,,,,,,,,,,,,,,,,,,,,NOUN
malice,muzzle,fervor,gaiety,6,6,6,6,1254,179,274,59,7.134,5.187,5.613,4.078,1.18,1.82,0.47,0.45,1.785,1.973,1.398,1.38,0.57,0.6,0.26,0.25,1.69,1.708,1.362,1.342,0,0,3,1,8,0,5,1,1.95,2,1.85,2.45,1.72,,4.11,,0.449,0.248,0.405,0.376,0,0,0,0,1.687,1.116,1.246,1.462,2.81,4.11,4.55,5.52,4.81,3.61,3.25,4.61,4.56,4.35,4.95,4.27,682.469,769,718.571,912.278,TRUE,FALSE,FALSE,TRUE,,,,,,,,,,,,,,,,,,,,,,NOUN
misery,effect,photon,wonder,6,6,6,6,1172,425,3844,1557,7.066,6.052,8.254,7.351,4.16,1.86,0.53,0.76,2.328,1.982,1.447,1.602,2.19,0.63,0.23,0.31,2.267,1.732,1.301,1.431,5,2,2,0,14,2,0,0,1.9,2.05,2.55,2.9,1.97,4.93,3.38,4.61,0.203,0.478,0.573,0.538,0,0,19,0,#,1.418,0.643,1.043,2.57,4.89,4.9,5.75,4.32,2.96,3.7,3.7,3.89,6,4.64,4.86,815.667,673.625,726.318,758.633,TRUE,FALSE,FALSE,TRUE,,,,,,,,,,,,,,,,,,,,,,NOUN
ransom,heifer,jumper,coupon,6,6,6,6,88,74,5765,2133,4.477,4.304,8.66,7.665,0.41,1.2,2.29,2.18,1.342,1.792,2.072,2.049,0.19,0.49,1,0.81,1.23,1.623,1.929,1.839,8,2,3,0,9,6,5,1,1.7,2.4,1.9,2.3,,4.22,4.03,4.79,0.288,0.236,0.495,0.394,0,0,0,0,#,0.857,1.518,1.241,2.58,4.29,4.55,6.3,4.25,4.55,3.76,4.22,4.54,4.92,5,5.54,879.579,837.556,663.971,646.656,TRUE,FALSE,FALSE,TRUE,,,,,,,,,,,,,,,,,,,,,,NOUN
laxative,landfall,drawings,manpower,8,8,8,8,267,87,254,1252,5.587,4.466,5.537,7.132,0.84,0.49,1.14,2.06,1.643,1.415,1.771,2.025,0.37,0.2,0.54,1.14,1.505,1.255,1.663,1.987,0,0,0,0,0,0,0,0,3.15,3.25,2.8,3,4.07,3.46,4.59,3.37,0.341,0.564,0.282,0.558,0,3,0,34,#,1.302,#,1.659,3.1,4.95,4.19,6,4.14,3.45,5.4,4.32,3,5.04,4.86,5.92,806.233,661.344,707.719,674.375,TRUE,FALSE,FALSE,TRUE,,,,,,,,,,,,,,,,,,,,,,NOUN
turmoil,solvent,gorilla,harmony,7,7,7,7,138,161,1346,10761,4.927,5.081,7.205,9.284,0.57,0.63,5.55,2.94,1.477,1.518,2.453,2.179,0.23,0.29,1.86,1.3,1.301,1.398,2.196,2.041,2,0,0,2,2,0,0,7,2.15,2.85,2.8,1.85,2.26,1.96,4.97,4.79,0.173,0.19,0.519,0.524,0,0,0,0,#,#,1.26,1.278,3.55,4.84,4.26,5.57,4.38,4.39,4.95,4,4.08,4.76,4.88,5.33,739.767,873.333,639.086,661.485,TRUE,FALSE,FALSE,TRUE,,,,,,,,,,,,,,,,,,,,,,NOUN
hypocrite,motorcade,adversary,diligence,9,9,9,9,1502,165,735,384,7.315,5.106,6.6,5.951,3.25,1.27,1.51,0.76,2.223,1.819,1.892,1.602,1.63,0.27,0.8,0.44,2.14,1.38,1.833,1.58,0,0,0,0,0,0,0,1,3.65,3.7,3.6,3.55,2.55,3.92,2.93,1.97,0.257,0.299,0.535,0.423,0,0,0,0,1.388,#,1.637,1.226,3.25,4.64,4.55,5.68,4.77,4.67,4.41,4.63,4.85,4.81,5,6.85,720,950.217,790.032,804.107,TRUE,FALSE,FALSE,TRUE,,,,,,,,,,,,,,,,,,,,,,NOUN
mucus,tulip,quart,depth,5,5,5,5,419,1062,1099,12604,6.038,6.968,7.002,9.442,0.59,0.73,2.08,8.25,1.491,1.58,2.029,2.625,0.29,0.27,0.92,3.11,1.398,1.38,1.892,2.418,1,2,2,1,0,3,3,0,1.95,1.9,1.85,1.9,4.76,,4.57,3.11,0.469,0.543,0.262,0.628,0,0,0,5037,1.13,#,#,1.961,2.84,4.11,4.89,5.8,4.17,4.05,3.73,4.35,4.16,4.25,5.92,5.24,818.036,992.7,624.125,625.515,TRUE,FALSE,FALSE,TRUE,,,,,,,,,,,,,,,,,,,,,,NOUN
